"Student_ID","Age","Gender","Academic_Level","Country","Avg_Daily_Usage_Hours","Most_Used_Platform","Affects_Academic_Performance","Sleep_Hours_Per_Night","Mental_Health_Score","Relationship_Status","Conflicts_Over_Social_Media","Addicted_Score","Usage_Hrs_Level","Sleep_Deficit","Platform_Categories","Addicted_Score_Levels","Wellbeing_Score","Relationship_Status_Binary","Affects_Academic_Performance_Encoded","Academic_Level_Encoded"
1,19,"Female","Undergraduate","Bangladesh",5.2,"Instagram","Yes",6.5,6,"In Relationship",3,8,"High",1.5,"Content-Sharing","High",4.5,2,1,2
2,22,"Male","Graduate","India",2.1,"Twitter","No",7.5,8,"Single",0,3,"Medium",0.5,"Microblogging","Moderate",12.5,1,0,3
3,20,"Female","Undergraduate","USA",6,"TikTok","Yes",5,5,"Complicated",4,9,"High",3,"Video-Based","High",1,3,1,2
4,18,"Male","High School","UK",3,"YouTube","No",7,7,"Single",1,4,"Medium",1,"Video-Based","Moderate",10,1,0,1
5,21,"Male","Graduate","Canada",4.5,"Facebook","Yes",6,6,"In Relationship",2,7,"Medium",2,"Content-Sharing","High",5,2,1,3
6,19,"Female","Undergraduate","Australia",7.2,"Instagram","Yes",4.5,4,"Complicated",5,9,"High",3.5,"Content-Sharing","High",-0.5,3,1,2
7,23,"Male","Graduate","Germany",1.5,"LinkedIn","No",8,9,"Single",0,2,"Low",0,"Professional Networking","Low",15,1,0,3
8,20,"Female","Undergraduate","Brazil",5.8,"Snapchat","Yes",6,6,"In Relationship",2,8,"High",2,"Messaging","High",4,2,1,2
9,18,"Male","High School","Japan",4,"TikTok","No",6.5,7,"Single",1,5,"Medium",1.5,"Video-Based","Moderate",8.5,1,0,1
10,21,"Female","Graduate","South Korea",3.3,"Instagram","No",7,7,"In Relationship",1,4,"Medium",1,"Content-Sharing","Moderate",10,2,0,3
11,19,"Male","Undergraduate","France",4.8,"Snapchat","Yes",6.2,5,"Complicated",3,7,"Medium",1.8,"Messaging","High",4.2,3,1,2
12,20,"Female","Undergraduate","Spain",5.5,"TikTok","Yes",5.8,6,"In Relationship",2,8,"High",2.2,"Video-Based","High",3.8,2,1,2
13,22,"Male","Graduate","Italy",2.8,"LinkedIn","No",7.2,8,"Single",1,4,"Medium",0.8,"Professional Networking","Moderate",11.2,1,0,3
14,18,"Female","High School","Mexico",6.5,"Instagram","Yes",5.5,5,"Single",4,9,"High",2.5,"Content-Sharing","High",1.5,1,1,1
15,21,"Male","Undergraduate","Russia",3.7,"YouTube","No",6.8,7,"In Relationship",2,5,"Medium",1.2,"Video-Based","Moderate",8.8,2,0,2
16,20,"Female","Undergraduate","China",4.2,"TikTok","Yes",6,6,"Complicated",3,7,"Medium",2,"Video-Based","High",5,3,1,2
17,24,"Male","Graduate","Sweden",2,"LinkedIn","No",7.8,8,"Single",0,3,"Medium",0.2,"Professional Networking","Moderate",12.8,1,0,3
18,19,"Female","High School","Norway",5,"Instagram","Yes",5.7,5,"In Relationship",3,8,"High",2.3,"Content-Sharing","High",2.7,2,1,1
19,21,"Male","Undergraduate","Denmark",3.5,"Facebook","No",6.7,7,"Single",1,5,"Medium",1.3,"Content-Sharing","Moderate",8.7,1,0,2
20,20,"Female","Undergraduate","Netherlands",4.7,"Snapchat","Yes",5.9,6,"Complicated",3,7,"Medium",2.1,"Messaging","High",4.9,3,1,2
21,18,"Male","High School","Belgium",5.3,"TikTok","Yes",5.5,5,"Single",4,8,"High",2.5,"Video-Based","High",2.5,1,1,1
22,23,"Female","Graduate","Switzerland",2.5,"LinkedIn","No",7.3,8,"In Relationship",1,4,"Medium",0.7,"Professional Networking","Moderate",11.3,2,0,3
23,19,"Male","Undergraduate","Austria",4.9,"Instagram","Yes",5.8,6,"Complicated",3,7,"Medium",2.2,"Content-Sharing","High",4.8,3,1,2
24,20,"Female","Undergraduate","Portugal",5.7,"TikTok","Yes",5.4,5,"Single",4,8,"High",2.6,"Video-Based","High",2.4,1,1,2
25,22,"Male","Graduate","Greece",3.2,"Facebook","No",6.9,7,"In Relationship",2,5,"Medium",1.1,"Content-Sharing","Moderate",8.9,2,0,3
26,19,"Female","High School","Ireland",6.1,"Instagram","Yes",5.2,5,"Complicated",4,9,"High",2.8,"Content-Sharing","High",1.2,3,1,1
27,21,"Male","Undergraduate","New Zealand",3.8,"YouTube","No",6.6,7,"Single",1,5,"Medium",1.4,"Video-Based","Moderate",8.6,1,0,2
28,20,"Female","Undergraduate","Singapore",4.4,"TikTok","Yes",5.9,6,"In Relationship",3,7,"Medium",2.1,"Video-Based","High",4.9,2,1,2
29,24,"Male","Graduate","Malaysia",2.2,"LinkedIn","No",7.4,8,"Single",0,3,"Medium",0.6,"Professional Networking","Moderate",12.4,1,0,3
30,19,"Female","High School","Thailand",5.9,"Instagram","Yes",5.3,5,"Complicated",4,8,"High",2.7,"Content-Sharing","High",2.3,3,1,1
31,21,"Male","Undergraduate","Vietnam",3.6,"Facebook","No",6.7,7,"Single",1,5,"Medium",1.3,"Content-Sharing","Moderate",8.7,1,0,2
32,20,"Female","Undergraduate","Philippines",4.8,"Snapchat","Yes",5.7,6,"In Relationship",3,7,"Medium",2.3,"Messaging","High",4.7,2,1,2
33,18,"Male","High School","Indonesia",5.4,"TikTok","Yes",5.4,5,"Complicated",4,8,"High",2.6,"Video-Based","High",2.4,3,1,1
34,23,"Female","Graduate","Taiwan",2.6,"LinkedIn","No",7.2,8,"Single",1,4,"Medium",0.8,"Professional Networking","Moderate",11.2,1,0,3
35,19,"Male","Undergraduate","Hong Kong",4.7,"Instagram","Yes",5.8,6,"In Relationship",3,7,"Medium",2.2,"Content-Sharing","High",4.8,2,1,2
36,20,"Female","Undergraduate","Turkey",5.6,"TikTok","Yes",5.5,5,"Complicated",4,8,"High",2.5,"Video-Based","High",2.5,3,1,2
37,22,"Male","Graduate","Israel",3.1,"Facebook","No",6.8,7,"Single",1,5,"Medium",1.2,"Content-Sharing","Moderate",8.8,1,0,3
38,19,"Female","High School","UAE",6.2,"Instagram","Yes",5.1,5,"In Relationship",4,9,"High",2.9,"Content-Sharing","High",1.1,2,1,1
39,21,"Male","Undergraduate","Egypt",3.9,"YouTube","No",6.5,7,"Complicated",2,6,"Medium",1.5,"Video-Based","High",7.5,3,0,2
40,20,"Female","Undergraduate","Morocco",4.5,"TikTok","Yes",5.8,6,"Single",3,7,"Medium",2.2,"Video-Based","High",4.8,1,1,2
41,24,"Male","Graduate","South Africa",2.3,"LinkedIn","No",7.3,8,"In Relationship",1,4,"Medium",0.7,"Professional Networking","Moderate",11.3,2,0,3
42,19,"Female","High School","Nigeria",5.8,"Instagram","Yes",5.4,5,"Complicated",4,8,"High",2.6,"Content-Sharing","High",2.4,3,1,1
43,21,"Male","Undergraduate","Kenya",3.7,"Facebook","No",6.6,7,"Single",2,5,"Medium",1.4,"Content-Sharing","Moderate",8.6,1,0,2
44,20,"Female","Undergraduate","Ghana",4.6,"Snapchat","Yes",5.7,6,"In Relationship",3,7,"Medium",2.3,"Messaging","High",4.7,2,1,2
45,18,"Male","High School","Argentina",5.5,"TikTok","Yes",5.3,5,"Single",4,8,"High",2.7,"Video-Based","High",2.3,1,1,1
46,23,"Female","Graduate","Chile",2.7,"LinkedIn","No",7.1,8,"Complicated",1,4,"Medium",0.9,"Professional Networking","Moderate",11.1,3,0,3
47,19,"Male","Undergraduate","Colombia",4.8,"Instagram","Yes",5.9,6,"In Relationship",3,7,"Medium",2.1,"Content-Sharing","High",4.9,2,1,2
48,20,"Female","Undergraduate","Peru",5.5,"TikTok","Yes",5.6,5,"Single",4,8,"High",2.4,"Video-Based","High",2.6,1,1,2
49,22,"Male","Graduate","Venezuela",3.3,"Facebook","No",6.7,7,"In Relationship",2,5,"Medium",1.3,"Content-Sharing","Moderate",8.7,2,0,3
50,19,"Female","High School","Ecuador",6.3,"Instagram","Yes",5.2,5,"Complicated",4,9,"High",2.8,"Content-Sharing","High",1.2,3,1,1
51,21,"Male","Undergraduate","Uruguay",3.8,"YouTube","No",6.4,7,"Single",2,6,"Medium",1.6,"Video-Based","High",7.4,1,0,2
52,20,"Female","Undergraduate","Paraguay",4.7,"TikTok","Yes",5.8,6,"In Relationship",3,7,"Medium",2.2,"Video-Based","High",4.8,2,1,2
53,24,"Male","Graduate","Bolivia",2.4,"LinkedIn","No",7.2,8,"Complicated",1,4,"Medium",0.8,"Professional Networking","Moderate",11.2,3,0,3
54,19,"Female","High School","Costa Rica",5.7,"Instagram","Yes",5.5,5,"Single",4,8,"High",2.5,"Content-Sharing","High",2.5,1,1,1
55,21,"Male","Undergraduate","Panama",3.6,"Facebook","No",6.5,7,"In Relationship",2,5,"Medium",1.5,"Content-Sharing","Moderate",8.5,2,0,2
56,20,"Female","Undergraduate","Jamaica",4.9,"Snapchat","Yes",5.6,6,"Complicated",3,7,"Medium",2.4,"Messaging","High",4.6,3,1,2
57,18,"Male","High School","Trinidad",5.6,"TikTok","Yes",5.2,5,"Single",4,8,"High",2.8,"Video-Based","High",2.2,1,1,1
58,23,"Female","Graduate","Bahamas",2.8,"LinkedIn","No",7,8,"In Relationship",1,4,"Medium",1,"Professional Networking","Moderate",11,2,0,3
59,19,"Male","Undergraduate","Iceland",4.6,"Instagram","Yes",5.9,6,"Complicated",3,7,"Medium",2.1,"Content-Sharing","High",4.9,3,1,2
60,20,"Female","Undergraduate","Finland",5.4,"TikTok","Yes",5.7,5,"Single",4,8,"High",2.3,"Video-Based","High",2.7,1,1,2
61,22,"Male","Graduate","Poland",3.1,"Facebook","No",7.1,7,"Single",1,5,"Medium",0.9,"Content-Sharing","Moderate",9.1,1,0,3
62,19,"Female","Undergraduate","Romania",5.6,"Instagram","Yes",5.6,5,"In Relationship",3,8,"High",2.4,"Content-Sharing","High",2.6,2,1,2
63,20,"Male","Undergraduate","Hungary",4.2,"TikTok","Yes",6,6,"Complicated",3,7,"Medium",2,"Video-Based","High",5,3,1,2
64,18,"Female","High School","Czech Republic",6.1,"Snapchat","Yes",5.2,4,"Single",4,9,"High",2.8,"Messaging","High",0.199999999999999,1,1,1
65,23,"Male","Graduate","Slovakia",2.3,"LinkedIn","No",7.4,8,"In Relationship",1,3,"Medium",0.6,"Professional Networking","Moderate",12.4,2,0,3
66,21,"Female","Undergraduate","Croatia",4.8,"Instagram","Yes",5.8,6,"Single",3,7,"Medium",2.2,"Content-Sharing","High",4.8,1,1,2
67,20,"Male","Undergraduate","Serbia",3.9,"YouTube","No",6.5,7,"Complicated",2,6,"Medium",1.5,"Video-Based","High",7.5,3,0,2
68,19,"Female","High School","Slovenia",5.7,"TikTok","Yes",5.4,5,"In Relationship",4,8,"High",2.6,"Video-Based","High",2.4,2,1,1
69,22,"Male","Graduate","Bulgaria",2.8,"LinkedIn","No",7.2,8,"Single",1,4,"Medium",0.8,"Professional Networking","Moderate",11.2,1,0,3
70,20,"Female","Undergraduate","Estonia",4.5,"Instagram","Yes",5.9,6,"Complicated",3,7,"Medium",2.1,"Content-Sharing","High",4.9,3,1,2
71,18,"Male","High School","Latvia",5.4,"Snapchat","Yes",5.5,5,"Single",4,8,"High",2.5,"Messaging","High",2.5,1,1,1
72,21,"Female","Graduate","Lithuania",3.2,"Facebook","No",6.8,7,"In Relationship",2,5,"Medium",1.2,"Content-Sharing","Moderate",8.8,2,0,3
73,19,"Male","Undergraduate","Ukraine",4.9,"TikTok","Yes",5.7,6,"Complicated",3,7,"Medium",2.3,"Video-Based","High",4.7,3,1,2
74,20,"Female","Undergraduate","Moldova",5.8,"Instagram","Yes",5.3,5,"Single",4,8,"High",2.7,"Content-Sharing","High",2.3,1,1,2
75,23,"Male","Graduate","Belarus",2.5,"LinkedIn","No",7.3,8,"In Relationship",1,4,"Medium",0.7,"Professional Networking","Moderate",11.3,2,0,3
76,21,"Female","Undergraduate","Kazakhstan",4.6,"Snapchat","Yes",5.8,6,"Single",3,7,"Medium",2.2,"Messaging","High",4.8,1,1,2
77,19,"Male","High School","Uzbekistan",5.5,"TikTok","Yes",5.4,5,"Complicated",4,8,"High",2.6,"Video-Based","High",2.4,3,1,1
78,22,"Female","Graduate","Kyrgyzstan",2.9,"Facebook","No",7,7,"In Relationship",2,5,"Medium",1,"Content-Sharing","Moderate",9,2,0,3
79,20,"Male","Undergraduate","Tajikistan",4.7,"YouTube","Yes",5.9,6,"Single",3,7,"Medium",2.1,"Video-Based","High",4.9,1,1,2
80,18,"Female","High School","Armenia",5.9,"Instagram","Yes",5.2,5,"Complicated",4,9,"High",2.8,"Content-Sharing","High",1.2,3,1,1
81,21,"Male","Graduate","Georgia",3,"LinkedIn","No",7.1,8,"In Relationship",1,4,"Medium",0.9,"Professional Networking","Moderate",11.1,2,0,3
82,19,"Female","Undergraduate","Azerbaijan",4.8,"TikTok","Yes",5.7,6,"Single",3,7,"Medium",2.3,"Video-Based","High",4.7,1,1,2
83,20,"Male","Undergraduate","Cyprus",3.8,"Facebook","No",6.6,7,"Complicated",2,6,"Medium",1.4,"Content-Sharing","High",7.6,3,0,2
84,22,"Female","Graduate","Malta",2.7,"LinkedIn","No",7.2,8,"In Relationship",1,4,"Medium",0.8,"Professional Networking","Moderate",11.2,2,0,3
85,18,"Male","High School","Luxembourg",5.6,"Snapchat","Yes",5.3,5,"Single",4,8,"High",2.7,"Messaging","High",2.3,1,1,1
86,21,"Female","Undergraduate","Monaco",4.5,"Instagram","Yes",5.8,6,"Complicated",3,7,"Medium",2.2,"Content-Sharing","High",4.8,3,1,2
87,19,"Male","High School","Andorra",5.3,"TikTok","Yes",5.5,5,"In Relationship",4,8,"High",2.5,"Video-Based","High",2.5,2,1,1
88,23,"Female","Graduate","San Marino",2.6,"LinkedIn","No",7.3,8,"Single",1,4,"Medium",0.7,"Professional Networking","Moderate",11.3,1,0,3
89,20,"Male","Undergraduate","Vatican City",4.4,"YouTube","Yes",6,6,"Complicated",3,7,"Medium",2,"Video-Based","High",5,3,1,2
90,18,"Female","High School","Liechtenstein",5.8,"Instagram","Yes",5.2,5,"Single",4,9,"High",2.8,"Content-Sharing","High",1.2,1,1,1
91,22,"Male","Graduate","Montenegro",2.9,"Facebook","No",7,7,"In Relationship",2,5,"Medium",1,"Content-Sharing","Moderate",9,2,0,3
92,19,"Female","Undergraduate","Albania",4.7,"TikTok","Yes",5.8,6,"Complicated",3,7,"Medium",2.2,"Video-Based","High",4.8,3,1,2
93,21,"Male","Undergraduate","North Macedonia",3.7,"Snapchat","No",6.5,7,"Single",2,6,"Medium",1.5,"Messaging","High",7.5,1,0,2
94,20,"Female","High School","Kosovo",5.5,"Instagram","Yes",5.4,5,"In Relationship",4,8,"High",2.6,"Content-Sharing","High",2.4,2,1,1
95,23,"Male","Graduate","Bosnia",2.4,"LinkedIn","No",7.4,8,"Complicated",1,4,"Medium",0.6,"Professional Networking","Moderate",11.4,3,0,3
96,19,"Female","Undergraduate","Qatar",4.9,"TikTok","Yes",5.7,6,"Single",3,7,"Medium",2.3,"Video-Based","High",4.7,1,1,2
97,18,"Male","High School","Kuwait",5.7,"Snapchat","Yes",5.3,5,"In Relationship",4,8,"High",2.7,"Messaging","High",2.3,2,1,1
98,22,"Female","Graduate","Bahrain",2.8,"LinkedIn","No",7.1,8,"Complicated",1,4,"Medium",0.9,"Professional Networking","Moderate",11.1,3,0,3
99,20,"Male","Undergraduate","Oman",4.6,"Instagram","Yes",5.9,6,"Single",3,7,"Medium",2.1,"Content-Sharing","High",4.9,1,1,2
100,21,"Female","Undergraduate","Jordan",5.4,"TikTok","Yes",5.5,5,"In Relationship",4,8,"High",2.5,"Video-Based","High",2.5,2,1,2
101,19,"Male","High School","Lebanon",5.8,"YouTube","Yes",5.2,5,"Complicated",4,9,"High",2.8,"Video-Based","High",1.2,3,1,1
102,23,"Female","Graduate","Iraq",2.5,"LinkedIn","No",7.3,8,"Single",1,4,"Medium",0.7,"Professional Networking","Moderate",11.3,1,0,3
103,20,"Male","Undergraduate","Yemen",4.7,"Facebook","Yes",5.8,6,"In Relationship",3,7,"Medium",2.2,"Content-Sharing","High",4.8,2,1,2
104,18,"Female","High School","Syria",5.6,"Instagram","Yes",5.4,5,"Single",4,8,"High",2.6,"Content-Sharing","High",2.4,1,1,1
105,22,"Male","Graduate","Afghanistan",2.9,"LinkedIn","No",7,7,"Complicated",2,5,"Medium",1,"Professional Networking","Moderate",9,3,0,3
106,19,"Female","Undergraduate","Pakistan",4.8,"TikTok","Yes",5.7,6,"In Relationship",3,7,"Medium",2.3,"Video-Based","High",4.7,2,1,2
107,21,"Male","Undergraduate","Nepal",3.8,"YouTube","No",6.6,7,"Single",2,6,"Medium",1.4,"Video-Based","High",7.6,1,0,2
108,20,"Female","High School","Bhutan",5.5,"Snapchat","Yes",5.5,5,"Complicated",4,8,"High",2.5,"Messaging","High",2.5,3,1,1
109,23,"Male","Graduate","Sri Lanka",2.6,"LinkedIn","No",7.2,8,"In Relationship",1,4,"Medium",0.8,"Professional Networking","Moderate",11.2,2,0,3
110,19,"Female","Undergraduate","Maldives",4.9,"Instagram","Yes",5.8,6,"Single",3,7,"Medium",2.2,"Content-Sharing","High",4.8,1,1,2
111,20,"Male","Undergraduate","Bangladesh",6.1,"Instagram","Yes",6.2,5,"Single",4,8,"High",1.8,"Content-Sharing","High",3.2,1,1,2
112,21,"Female","Undergraduate","India",5.8,"TikTok","Yes",5.9,6,"In Relationship",3,7,"High",2.1,"Video-Based","High",4.9,2,1,2
113,19,"Male","Undergraduate","Nepal",4.9,"Facebook","No",7.1,7,"Single",2,5,"Medium",0.9,"Content-Sharing","Moderate",9.1,1,0,2
114,22,"Female","Graduate","Pakistan",5.5,"Instagram","Yes",6,5,"Single",4,8,"High",2,"Content-Sharing","High",3,1,1,3
115,20,"Male","Undergraduate","Sri Lanka",5.2,"TikTok","Yes",6.3,6,"In Relationship",3,7,"High",1.7,"Video-Based","High",5.3,2,1,2
116,19,"Female","Undergraduate","Maldives",4.8,"Instagram","No",7.2,8,"Single",2,5,"Medium",0.8,"Content-Sharing","Moderate",10.2,1,0,2
117,21,"Male","Graduate","Bangladesh",6,"Facebook","Yes",5.8,5,"In Relationship",4,8,"High",2.2,"Content-Sharing","High",2.8,2,1,3
118,20,"Female","Undergraduate","India",5.7,"Instagram","Yes",6.1,6,"Single",3,7,"High",1.9,"Content-Sharing","High",5.1,1,1,2
119,22,"Male","Graduate","Nepal",4.7,"TikTok","No",7.3,7,"Single",2,5,"Medium",0.7,"Video-Based","Moderate",9.3,1,0,3
120,19,"Female","Undergraduate","Pakistan",5.4,"Instagram","Yes",6.2,5,"In Relationship",4,8,"High",1.8,"Content-Sharing","High",3.2,2,1,2
121,20,"Male","Undergraduate","Sri Lanka",5.9,"Facebook","Yes",5.9,6,"Single",3,7,"High",2.1,"Content-Sharing","High",4.9,1,1,2
122,21,"Female","Graduate","Maldives",4.6,"Instagram","No",7.4,8,"In Relationship",2,5,"Medium",0.6,"Content-Sharing","Moderate",10.4,2,0,3
123,19,"Male","Undergraduate","Bangladesh",5.3,"TikTok","Yes",6.3,5,"Single",4,8,"High",1.7,"Video-Based","High",3.3,1,1,2
124,22,"Female","Graduate","India",5.8,"Instagram","Yes",5.8,6,"In Relationship",3,7,"High",2.2,"Content-Sharing","High",4.8,2,1,3
125,20,"Male","Undergraduate","Nepal",4.5,"Facebook","No",7.5,7,"Single",2,5,"Medium",0.5,"Content-Sharing","Moderate",9.5,1,0,2
126,21,"Female","Graduate","Pakistan",5.2,"Instagram","Yes",6.4,5,"In Relationship",4,8,"High",1.6,"Content-Sharing","High",3.4,2,1,3
127,19,"Male","Undergraduate","Sri Lanka",5.7,"TikTok","Yes",5.7,6,"Single",3,7,"High",2.3,"Video-Based","High",4.7,1,1,2
128,20,"Female","Undergraduate","Maldives",4.4,"Instagram","No",7.6,8,"In Relationship",2,5,"Medium",0.4,"Content-Sharing","Moderate",10.6,2,0,2
129,22,"Male","Graduate","Bangladesh",5.1,"Facebook","Yes",6.5,5,"Single",4,8,"High",1.5,"Content-Sharing","High",3.5,1,1,3
130,21,"Female","Graduate","India",5.6,"Instagram","Yes",5.6,6,"In Relationship",3,7,"High",2.4,"Content-Sharing","High",4.6,2,1,3
131,19,"Male","Undergraduate","Nepal",4.3,"TikTok","No",7.7,7,"Single",2,5,"Medium",0.3,"Video-Based","Moderate",9.7,1,0,2
132,20,"Female","Undergraduate","Pakistan",5,"Instagram","Yes",6.6,5,"In Relationship",4,8,"High",1.4,"Content-Sharing","High",3.6,2,1,2
133,22,"Male","Graduate","Sri Lanka",5.5,"Facebook","Yes",5.5,6,"Single",3,7,"High",2.5,"Content-Sharing","High",4.5,1,1,3
134,21,"Female","Graduate","Maldives",4.2,"Instagram","No",7.8,8,"In Relationship",2,5,"Medium",0.2,"Content-Sharing","Moderate",10.8,2,0,3
135,19,"Male","Undergraduate","Bangladesh",4.9,"TikTok","Yes",6.7,5,"Single",4,8,"Medium",1.3,"Video-Based","High",3.7,1,1,2
136,20,"Female","Undergraduate","India",5.4,"Instagram","Yes",5.4,6,"In Relationship",3,7,"High",2.6,"Content-Sharing","High",4.4,2,1,2
137,22,"Male","Graduate","Nepal",4.1,"Facebook","No",7.9,7,"Single",2,5,"Medium",0.0999999999999996,"Content-Sharing","Moderate",9.9,1,0,3
138,21,"Female","Graduate","Pakistan",4.8,"Instagram","Yes",6.8,5,"In Relationship",4,8,"Medium",1.2,"Content-Sharing","High",3.8,2,1,3
139,19,"Male","Undergraduate","Sri Lanka",5.3,"TikTok","Yes",5.3,6,"Single",3,7,"High",2.7,"Video-Based","High",4.3,1,1,2
140,20,"Female","Undergraduate","Maldives",4,"Instagram","No",8,8,"In Relationship",2,5,"Medium",0,"Content-Sharing","Moderate",11,2,0,2
141,22,"Male","Graduate","Bangladesh",4.7,"Facebook","Yes",6.9,5,"Single",4,8,"Medium",1.1,"Content-Sharing","High",3.9,1,1,3
142,21,"Female","Graduate","India",5.2,"Instagram","Yes",5.2,6,"In Relationship",3,7,"High",2.8,"Content-Sharing","High",4.2,2,1,3
143,19,"Male","Undergraduate","Nepal",3.9,"TikTok","No",8.1,7,"Single",2,5,"Medium",-0.0999999999999996,"Video-Based","Moderate",10.1,1,0,2
144,20,"Female","Undergraduate","Pakistan",4.6,"Instagram","Yes",7,5,"In Relationship",4,8,"Medium",1,"Content-Sharing","High",4,2,1,2
145,22,"Male","Graduate","Sri Lanka",5.1,"Facebook","Yes",5.1,6,"Single",3,7,"High",2.9,"Content-Sharing","High",4.1,1,1,3
146,21,"Female","Graduate","Maldives",3.8,"Instagram","No",8.2,8,"In Relationship",2,5,"Medium",-0.199999999999999,"Content-Sharing","Moderate",11.2,2,0,3
147,19,"Male","Undergraduate","Bangladesh",4.5,"TikTok","Yes",7.1,5,"Single",4,8,"Medium",0.9,"Video-Based","High",4.1,1,1,2
148,20,"Female","Undergraduate","India",5,"Instagram","Yes",5,6,"In Relationship",3,7,"High",3,"Content-Sharing","High",4,2,1,2
149,22,"Male","Graduate","Nepal",3.7,"Facebook","No",8.3,7,"Single",2,5,"Medium",-0.300000000000001,"Content-Sharing","Moderate",10.3,1,0,3
150,21,"Female","Graduate","Pakistan",4.4,"Instagram","Yes",7.2,5,"In Relationship",4,8,"Medium",0.8,"Content-Sharing","High",4.2,2,1,3
151,19,"Male","Undergraduate","Sri Lanka",4.9,"TikTok","Yes",4.9,6,"Single",3,7,"Medium",3.1,"Video-Based","High",3.9,1,1,2
152,20,"Female","Undergraduate","Maldives",3.6,"Instagram","No",8.4,8,"In Relationship",2,5,"Medium",-0.4,"Content-Sharing","Moderate",11.4,2,0,2
153,22,"Male","Graduate","Bangladesh",4.3,"Facebook","Yes",7.3,5,"Single",4,8,"Medium",0.7,"Content-Sharing","High",4.3,1,1,3
154,21,"Female","Graduate","India",4.8,"Instagram","Yes",4.8,6,"In Relationship",3,7,"Medium",3.2,"Content-Sharing","High",3.8,2,1,3
155,19,"Male","Undergraduate","Nepal",3.5,"TikTok","No",8.5,7,"Single",2,5,"Medium",-0.5,"Video-Based","Moderate",10.5,1,0,2
156,20,"Female","Undergraduate","Pakistan",4.2,"Instagram","Yes",7.4,5,"In Relationship",4,8,"Medium",0.6,"Content-Sharing","High",4.4,2,1,2
157,22,"Male","Graduate","Sri Lanka",4.7,"Facebook","Yes",4.7,6,"Single",3,7,"Medium",3.3,"Content-Sharing","High",3.7,1,1,3
158,21,"Female","Graduate","Maldives",3.4,"Instagram","No",8.6,8,"In Relationship",2,5,"Medium",-0.6,"Content-Sharing","Moderate",11.6,2,0,3
159,19,"Male","Undergraduate","Bangladesh",4.1,"TikTok","Yes",7.5,5,"Single",4,8,"Medium",0.5,"Video-Based","High",4.5,1,1,2
160,20,"Female","Undergraduate","India",4.6,"Instagram","Yes",4.6,6,"In Relationship",3,7,"Medium",3.4,"Content-Sharing","High",3.6,2,1,2
161,19,"Female","Undergraduate","Bangladesh",5.3,"Instagram","Yes",6.1,5,"Single",3,7,"High",1.9,"Content-Sharing","High",4.1,1,1,2
162,21,"Male","Graduate","India",4.8,"Facebook","No",7.2,7,"In Relationship",2,6,"Medium",0.8,"Content-Sharing","High",8.2,2,0,3
163,20,"Female","Undergraduate","Nepal",5.5,"TikTok","Yes",5.9,6,"Single",4,8,"High",2.1,"Video-Based","High",3.9,1,1,2
164,22,"Male","Graduate","Pakistan",4.7,"Instagram","Yes",6.3,5,"In Relationship",3,7,"Medium",1.7,"Content-Sharing","High",4.3,2,1,3
165,19,"Female","Undergraduate","Sri Lanka",5.1,"Facebook","No",7,7,"Single",2,5,"High",1,"Content-Sharing","Moderate",9,1,0,2
166,21,"Male","Graduate","Maldives",5.4,"TikTok","Yes",6,6,"In Relationship",4,8,"High",2,"Video-Based","High",4,2,1,3
167,20,"Female","Undergraduate","Bangladesh",4.9,"Instagram","Yes",6.4,5,"Single",3,7,"Medium",1.6,"Content-Sharing","High",4.4,1,1,2
168,22,"Male","Graduate","India",5.2,"Facebook","No",7.1,7,"In Relationship",2,6,"High",0.9,"Content-Sharing","High",8.1,2,0,3
169,19,"Female","Undergraduate","Nepal",5.6,"TikTok","Yes",5.8,6,"Single",4,8,"High",2.2,"Video-Based","High",3.8,1,1,2
170,21,"Male","Graduate","Pakistan",4.6,"Instagram","Yes",6.5,5,"In Relationship",3,7,"Medium",1.5,"Content-Sharing","High",4.5,2,1,3
171,20,"Female","Undergraduate","Sri Lanka",5,"Facebook","No",7.3,7,"Single",2,5,"High",0.7,"Content-Sharing","Moderate",9.3,1,0,2
172,22,"Male","Graduate","Maldives",5.3,"TikTok","Yes",5.7,6,"In Relationship",4,8,"High",2.3,"Video-Based","High",3.7,2,1,3
173,19,"Female","Undergraduate","Bangladesh",4.8,"Instagram","Yes",6.6,5,"Single",3,7,"Medium",1.4,"Content-Sharing","High",4.6,1,1,2
174,21,"Male","Graduate","India",5.1,"Facebook","No",7.4,7,"In Relationship",2,6,"High",0.6,"Content-Sharing","High",8.4,2,0,3
175,20,"Female","Undergraduate","Nepal",5.7,"TikTok","Yes",5.6,6,"Single",4,8,"High",2.4,"Video-Based","High",3.6,1,1,2
176,22,"Male","Graduate","Pakistan",4.5,"Instagram","Yes",6.7,5,"In Relationship",3,7,"Medium",1.3,"Content-Sharing","High",4.7,2,1,3
177,19,"Female","Undergraduate","Sri Lanka",4.9,"Facebook","No",7.5,7,"Single",2,5,"Medium",0.5,"Content-Sharing","Moderate",9.5,1,0,2
178,21,"Male","Graduate","Maldives",5.2,"TikTok","Yes",5.5,6,"In Relationship",4,8,"High",2.5,"Video-Based","High",3.5,2,1,3
179,20,"Female","Undergraduate","Bangladesh",4.7,"Instagram","Yes",6.8,5,"Single",3,7,"Medium",1.2,"Content-Sharing","High",4.8,1,1,2
180,22,"Male","Graduate","India",5,"Facebook","No",7.6,7,"In Relationship",2,6,"High",0.4,"Content-Sharing","High",8.6,2,0,3
181,19,"Female","Undergraduate","Nepal",5.8,"TikTok","Yes",5.4,6,"Single",4,8,"High",2.6,"Video-Based","High",3.4,1,1,2
182,21,"Male","Graduate","Pakistan",4.4,"Instagram","Yes",6.9,5,"In Relationship",3,7,"Medium",1.1,"Content-Sharing","High",4.9,2,1,3
183,20,"Female","Undergraduate","Sri Lanka",4.8,"Facebook","No",7.7,7,"Single",2,5,"Medium",0.3,"Content-Sharing","Moderate",9.7,1,0,2
184,22,"Male","Graduate","Maldives",5.1,"TikTok","Yes",5.3,6,"In Relationship",4,8,"High",2.7,"Video-Based","High",3.3,2,1,3
185,19,"Female","Undergraduate","Bangladesh",4.6,"Instagram","Yes",7,5,"Single",3,7,"Medium",1,"Content-Sharing","High",5,1,1,2
186,21,"Male","Graduate","India",4.9,"Facebook","No",7.8,7,"In Relationship",2,6,"Medium",0.2,"Content-Sharing","High",8.8,2,0,3
187,20,"Female","Undergraduate","Nepal",5.9,"TikTok","Yes",5.2,6,"Single",4,8,"High",2.8,"Video-Based","High",3.2,1,1,2
188,22,"Male","Graduate","Pakistan",4.3,"Instagram","Yes",7.1,5,"In Relationship",3,7,"Medium",0.9,"Content-Sharing","High",5.1,2,1,3
189,19,"Female","Undergraduate","Sri Lanka",4.7,"Facebook","No",7.9,7,"Single",2,5,"Medium",0.0999999999999996,"Content-Sharing","Moderate",9.9,1,0,2
190,21,"Male","Graduate","Maldives",5,"TikTok","Yes",5.1,6,"In Relationship",4,8,"High",2.9,"Video-Based","High",3.1,2,1,3
191,20,"Female","Undergraduate","Bangladesh",4.5,"Instagram","Yes",7.2,5,"Single",3,7,"Medium",0.8,"Content-Sharing","High",5.2,1,1,2
192,22,"Male","Graduate","India",4.8,"Facebook","No",8,7,"In Relationship",2,6,"Medium",0,"Content-Sharing","High",9,2,0,3
193,19,"Female","Undergraduate","Nepal",6,"TikTok","Yes",5,6,"Single",4,8,"High",3,"Video-Based","High",3,1,1,2
194,21,"Male","Graduate","Pakistan",4.2,"Instagram","Yes",7.3,5,"In Relationship",3,7,"Medium",0.7,"Content-Sharing","High",5.3,2,1,3
195,20,"Female","Undergraduate","Sri Lanka",4.6,"Facebook","No",8.1,7,"Single",2,5,"Medium",-0.0999999999999996,"Content-Sharing","Moderate",10.1,1,0,2
196,22,"Male","Graduate","Maldives",4.9,"TikTok","Yes",4.9,6,"In Relationship",4,8,"Medium",3.1,"Video-Based","High",2.9,2,1,3
197,19,"Female","Undergraduate","Bangladesh",4.4,"Instagram","Yes",7.4,5,"Single",3,7,"Medium",0.6,"Content-Sharing","High",5.4,1,1,2
198,21,"Male","Graduate","India",4.7,"Facebook","No",8.2,7,"In Relationship",2,6,"Medium",-0.199999999999999,"Content-Sharing","High",9.2,2,0,3
199,20,"Female","Undergraduate","Nepal",6.1,"TikTok","Yes",4.8,6,"Single",4,8,"High",3.2,"Video-Based","High",2.8,1,1,2
200,22,"Male","Graduate","Pakistan",4.1,"Instagram","Yes",7.5,5,"In Relationship",3,7,"Medium",0.5,"Content-Sharing","High",5.5,2,1,3
201,19,"Female","Undergraduate","Sri Lanka",4.5,"Facebook","No",8.3,7,"Single",2,5,"Medium",-0.300000000000001,"Content-Sharing","Moderate",10.3,1,0,2
202,21,"Male","Graduate","Maldives",4.8,"TikTok","Yes",4.7,6,"In Relationship",4,8,"Medium",3.3,"Video-Based","High",2.7,2,1,3
203,20,"Female","Undergraduate","Bangladesh",4.3,"Instagram","Yes",7.6,5,"Single",3,7,"Medium",0.4,"Content-Sharing","High",5.6,1,1,2
204,22,"Male","Graduate","India",4.6,"Facebook","No",8.4,7,"In Relationship",2,6,"Medium",-0.4,"Content-Sharing","High",9.4,2,0,3
205,19,"Female","Undergraduate","Nepal",6.2,"TikTok","Yes",4.6,6,"Single",4,8,"High",3.4,"Video-Based","High",2.6,1,1,2
206,21,"Male","Graduate","Pakistan",4,"Instagram","Yes",7.7,5,"In Relationship",3,7,"Medium",0.3,"Content-Sharing","High",5.7,2,1,3
207,20,"Female","Undergraduate","Sri Lanka",4.4,"Facebook","No",8.5,7,"Single",2,5,"Medium",-0.5,"Content-Sharing","Moderate",10.5,1,0,2
208,22,"Male","Graduate","Maldives",4.7,"TikTok","Yes",4.5,6,"In Relationship",4,8,"Medium",3.5,"Video-Based","High",2.5,2,1,3
209,19,"Female","Undergraduate","Bangladesh",4.2,"Instagram","Yes",7.8,5,"Single",3,7,"Medium",0.2,"Content-Sharing","High",5.8,1,1,2
210,21,"Male","Graduate","India",4.5,"Facebook","No",8.6,7,"In Relationship",2,6,"Medium",-0.6,"Content-Sharing","High",9.6,2,0,3
211,20,"Female","Undergraduate","Nepal",6.3,"TikTok","Yes",4.4,6,"Single",4,8,"High",3.6,"Video-Based","High",2.4,1,1,2
212,22,"Male","Graduate","Pakistan",3.9,"Instagram","Yes",7.9,5,"In Relationship",3,7,"Medium",0.0999999999999996,"Content-Sharing","High",5.9,2,1,3
213,19,"Female","Undergraduate","Sri Lanka",4.3,"Facebook","No",8.7,7,"Single",2,5,"Medium",-0.699999999999999,"Content-Sharing","Moderate",10.7,1,0,2
214,21,"Male","Graduate","Maldives",4.6,"TikTok","Yes",4.3,6,"In Relationship",4,8,"Medium",3.7,"Video-Based","High",2.3,2,1,3
215,20,"Female","Undergraduate","Bangladesh",4.1,"Instagram","Yes",8,5,"Single",3,7,"Medium",0,"Content-Sharing","High",6,1,1,2
216,22,"Male","Graduate","India",4.4,"Facebook","No",8.8,7,"In Relationship",2,6,"Medium",-0.800000000000001,"Content-Sharing","High",9.8,2,0,3
217,19,"Female","Undergraduate","Nepal",6.4,"TikTok","Yes",4.2,6,"Single",4,8,"High",3.8,"Video-Based","High",2.2,1,1,2
218,21,"Male","Graduate","Pakistan",3.8,"Instagram","Yes",8.1,5,"In Relationship",3,7,"Medium",-0.0999999999999996,"Content-Sharing","High",6.1,2,1,3
219,20,"Female","Undergraduate","Sri Lanka",4.2,"Facebook","No",8.9,7,"Single",2,5,"Medium",-0.9,"Content-Sharing","Moderate",10.9,1,0,2
220,22,"Male","Graduate","Maldives",4.5,"TikTok","Yes",4.1,6,"In Relationship",4,8,"Medium",3.9,"Video-Based","High",2.1,2,1,3
221,19,"Female","Undergraduate","USA",6.5,"Instagram","Yes",6,5,"Single",4,9,"High",2,"Content-Sharing","High",2,1,1,2
222,21,"Male","Graduate","UK",5.8,"TikTok","Yes",6.5,6,"In Relationship",3,7,"High",1.5,"Video-Based","High",5.5,2,1,3
223,20,"Female","Undergraduate","Australia",4.5,"Instagram","No",7.5,8,"Single",2,5,"Medium",0.5,"Content-Sharing","Moderate",10.5,1,0,2
224,22,"Male","Graduate","Germany",4.2,"Facebook","No",7.8,7,"In Relationship",2,4,"Medium",0.2,"Content-Sharing","Moderate",10.8,2,0,3
225,19,"Female","Undergraduate","Japan",3.8,"LINE","No",7.9,8,"Single",1,3,"Medium",0.0999999999999996,"Messaging","Moderate",12.9,1,0,2
226,21,"Male","Graduate","Italy",5.5,"Instagram","Yes",6.8,6,"Single",3,7,"High",1.2,"Content-Sharing","High",5.8,1,1,3
227,20,"Female","Undergraduate","South Korea",5.2,"KakaoTalk","Yes",6.5,6,"In Relationship",3,6,"High",1.5,"Messaging","High",6.5,2,1,2
228,22,"Male","Graduate","Russia",4.8,"VKontakte","No",7.2,7,"Single",2,5,"Medium",0.8,"Content-Sharing","Moderate",9.2,1,0,3
229,19,"Female","Undergraduate","USA",7,"TikTok","Yes",5.8,4,"In Relationship",4,9,"High",2.2,"Video-Based","High",0.800000000000001,2,1,2
230,21,"Male","Graduate","UK",5.5,"Instagram","Yes",6.7,6,"Single",3,7,"High",1.3,"Content-Sharing","High",5.7,1,1,3
231,20,"Female","Undergraduate","Australia",4.7,"Facebook","No",7.4,7,"In Relationship",2,5,"Medium",0.6,"Content-Sharing","Moderate",9.4,2,0,2
232,22,"Male","Graduate","Germany",4,"Instagram","No",7.9,8,"Single",1,4,"Medium",0.0999999999999996,"Content-Sharing","Moderate",11.9,1,0,3
233,19,"Female","Undergraduate","Japan",3.5,"LINE","No",8,8,"Single",1,3,"Medium",0,"Messaging","Moderate",13,1,0,2
234,21,"Male","Graduate","Italy",5.7,"TikTok","Yes",6.5,5,"In Relationship",3,8,"High",1.5,"Video-Based","High",3.5,2,1,3
235,20,"Female","Undergraduate","South Korea",5,"KakaoTalk","Yes",6.8,6,"Single",3,6,"High",1.2,"Messaging","High",6.8,1,1,2
236,22,"Male","Graduate","Russia",4.5,"VKontakte","No",7.4,7,"In Relationship",2,5,"Medium",0.6,"Content-Sharing","Moderate",9.4,2,0,3
237,19,"Female","Undergraduate","USA",6.8,"Instagram","Yes",5.9,4,"Single",4,9,"High",2.1,"Content-Sharing","High",0.9,1,1,2
238,21,"Male","Graduate","UK",5.6,"Facebook","Yes",6.6,6,"In Relationship",3,7,"High",1.4,"Content-Sharing","High",5.6,2,1,3
239,20,"Female","Undergraduate","Australia",4.6,"Instagram","No",7.3,7,"Single",2,5,"Medium",0.7,"Content-Sharing","Moderate",9.3,1,0,2
240,22,"Male","Graduate","Germany",4.1,"Facebook","No",7.7,8,"In Relationship",2,4,"Medium",0.3,"Content-Sharing","Moderate",11.7,2,0,3
241,19,"Female","Undergraduate","Japan",3.7,"LINE","No",7.8,8,"Single",1,3,"Medium",0.2,"Messaging","Moderate",12.8,1,0,2
242,21,"Male","Graduate","Italy",5.4,"Instagram","Yes",6.7,5,"Single",3,7,"High",1.3,"Content-Sharing","High",4.7,1,1,3
243,20,"Female","Undergraduate","South Korea",5.1,"KakaoTalk","Yes",6.6,6,"In Relationship",3,6,"High",1.4,"Messaging","High",6.6,2,1,2
244,22,"Male","Graduate","Russia",4.7,"VKontakte","No",7.3,7,"Single",2,5,"Medium",0.7,"Content-Sharing","Moderate",9.3,1,0,3
245,19,"Female","Undergraduate","USA",6.9,"TikTok","Yes",5.7,4,"In Relationship",4,9,"High",2.3,"Video-Based","High",0.699999999999999,2,1,2
246,21,"Male","Graduate","UK",5.7,"Instagram","Yes",6.4,6,"Single",3,7,"High",1.6,"Content-Sharing","High",5.4,1,1,3
247,20,"Female","Undergraduate","Australia",4.8,"Facebook","No",7.2,7,"In Relationship",2,5,"Medium",0.8,"Content-Sharing","Moderate",9.2,2,0,2
248,22,"Male","Graduate","Germany",3.9,"Instagram","No",7.8,8,"Single",1,4,"Medium",0.2,"Content-Sharing","Moderate",11.8,1,0,3
249,19,"Female","Undergraduate","Japan",3.6,"LINE","No",8.1,8,"Single",1,3,"Medium",-0.0999999999999996,"Messaging","Moderate",13.1,1,0,2
250,21,"Male","Graduate","Italy",5.6,"TikTok","Yes",6.6,5,"In Relationship",3,8,"High",1.4,"Video-Based","High",3.6,2,1,3
251,20,"Female","Undergraduate","South Korea",4.9,"KakaoTalk","Yes",6.9,6,"Single",3,6,"Medium",1.1,"Messaging","High",6.9,1,1,2
252,22,"Male","Graduate","Russia",4.6,"VKontakte","No",7.5,7,"In Relationship",2,5,"Medium",0.5,"Content-Sharing","Moderate",9.5,2,0,3
253,19,"Female","Undergraduate","USA",6.7,"Instagram","Yes",5.8,4,"Single",4,9,"High",2.2,"Content-Sharing","High",0.800000000000001,1,1,2
254,21,"Male","Graduate","UK",5.4,"Facebook","Yes",6.5,6,"In Relationship",3,7,"High",1.5,"Content-Sharing","High",5.5,2,1,3
255,20,"Female","Undergraduate","Australia",4.4,"Instagram","No",7.4,7,"Single",2,5,"Medium",0.6,"Content-Sharing","Moderate",9.4,1,0,2
256,22,"Male","Graduate","Germany",4,"Facebook","No",7.6,8,"In Relationship",2,4,"Medium",0.4,"Content-Sharing","Moderate",11.6,2,0,3
257,19,"Female","Undergraduate","Japan",3.4,"LINE","No",8.2,8,"Single",1,3,"Medium",-0.199999999999999,"Messaging","Moderate",13.2,1,0,2
258,21,"Male","Graduate","Italy",5.3,"Instagram","Yes",6.8,5,"Single",3,7,"High",1.2,"Content-Sharing","High",4.8,1,1,3
259,20,"Female","Undergraduate","South Korea",5,"KakaoTalk","Yes",6.7,6,"In Relationship",3,6,"High",1.3,"Messaging","High",6.7,2,1,2
260,22,"Male","Graduate","Russia",4.4,"VKontakte","No",7.6,7,"Single",2,5,"Medium",0.4,"Content-Sharing","Moderate",9.6,1,0,3
261,19,"Female","Undergraduate","USA",6.6,"TikTok","Yes",5.6,4,"In Relationship",4,9,"High",2.4,"Video-Based","High",0.6,2,1,2
262,21,"Male","Graduate","UK",5.3,"Instagram","Yes",6.3,6,"Single",3,7,"High",1.7,"Content-Sharing","High",5.3,1,1,3
263,20,"Female","Undergraduate","Australia",4.3,"Facebook","No",7.5,7,"In Relationship",2,5,"Medium",0.5,"Content-Sharing","Moderate",9.5,2,0,2
264,22,"Male","Graduate","Germany",3.8,"Instagram","No",7.7,8,"Single",1,4,"Medium",0.3,"Content-Sharing","Moderate",11.7,1,0,3
265,19,"Female","Undergraduate","Japan",3.3,"LINE","No",8.3,8,"Single",1,3,"Medium",-0.300000000000001,"Messaging","Moderate",13.3,1,0,2
266,21,"Male","Graduate","Italy",5.2,"TikTok","Yes",6.9,5,"In Relationship",3,8,"High",1.1,"Video-Based","High",3.9,2,1,3
267,20,"Female","Undergraduate","South Korea",4.8,"KakaoTalk","Yes",7,6,"Single",3,6,"Medium",1,"Messaging","High",7,1,1,2
268,22,"Male","Graduate","Russia",4.3,"VKontakte","No",7.7,7,"In Relationship",2,5,"Medium",0.3,"Content-Sharing","Moderate",9.7,2,0,3
269,19,"Female","Undergraduate","USA",6.4,"Instagram","Yes",5.7,4,"Single",4,9,"High",2.3,"Content-Sharing","High",0.699999999999999,1,1,2
270,21,"Male","Graduate","UK",5.2,"Facebook","Yes",6.4,6,"In Relationship",3,7,"High",1.6,"Content-Sharing","High",5.4,2,1,3
271,20,"Female","Undergraduate","Australia",4.5,"Instagram","No",7.3,7,"Single",2,5,"Medium",0.7,"Content-Sharing","Moderate",9.3,1,0,2
272,22,"Male","Graduate","Germany",3.7,"Facebook","No",7.8,8,"In Relationship",1,4,"Medium",0.2,"Content-Sharing","Moderate",11.8,2,0,3
273,19,"Female","Undergraduate","Japan",3.2,"LINE","No",8.4,8,"Single",1,3,"Medium",-0.4,"Messaging","Moderate",13.4,1,0,2
274,21,"Male","Graduate","Italy",5.4,"Instagram","Yes",6.7,5,"Single",3,7,"High",1.3,"Content-Sharing","High",4.7,1,1,3
275,20,"Female","Undergraduate","South Korea",4.7,"KakaoTalk","Yes",7.1,6,"In Relationship",3,6,"Medium",0.9,"Messaging","High",7.1,2,1,2
276,22,"Male","Graduate","Russia",4.2,"VKontakte","No",7.8,7,"Single",2,5,"Medium",0.2,"Content-Sharing","Moderate",9.8,1,0,3
277,19,"Female","Undergraduate","USA",6.6,"TikTok","Yes",5.5,4,"In Relationship",4,9,"High",2.5,"Video-Based","High",0.5,2,1,2
278,21,"Male","Graduate","UK",5.1,"Instagram","Yes",6.5,6,"Single",3,7,"High",1.5,"Content-Sharing","High",5.5,1,1,3
279,20,"Female","Undergraduate","Australia",4.4,"Facebook","No",7.4,7,"In Relationship",2,5,"Medium",0.6,"Content-Sharing","Moderate",9.4,2,0,2
280,22,"Male","Graduate","Germany",3.6,"Instagram","No",7.9,8,"Single",1,4,"Medium",0.0999999999999996,"Content-Sharing","Moderate",11.9,1,0,3
281,19,"Female","Undergraduate","Japan",3.1,"LINE","No",8.5,8,"Single",1,3,"Medium",-0.5,"Messaging","Moderate",13.5,1,0,2
282,21,"Male","Graduate","Italy",5.3,"TikTok","Yes",6.8,5,"In Relationship",3,8,"High",1.2,"Video-Based","High",3.8,2,1,3
283,20,"Female","Undergraduate","South Korea",4.6,"KakaoTalk","Yes",7.2,6,"Single",3,6,"Medium",0.8,"Messaging","High",7.2,1,1,2
284,22,"Male","Graduate","Russia",4.1,"VKontakte","No",7.9,7,"In Relationship",2,5,"Medium",0.0999999999999996,"Content-Sharing","Moderate",9.9,2,0,3
285,19,"Female","Undergraduate","USA",6.7,"Instagram","Yes",5.4,4,"Single",4,9,"High",2.6,"Content-Sharing","High",0.4,1,1,2
286,21,"Male","Graduate","UK",5,"Facebook","Yes",6.6,6,"In Relationship",3,7,"High",1.4,"Content-Sharing","High",5.6,2,1,3
287,20,"Female","Undergraduate","Australia",4.3,"Instagram","No",7.5,7,"Single",2,5,"Medium",0.5,"Content-Sharing","Moderate",9.5,1,0,2
288,22,"Male","Graduate","Germany",3.5,"Facebook","No",8,8,"In Relationship",1,4,"Medium",0,"Content-Sharing","Moderate",12,2,0,3
289,19,"Female","Undergraduate","Japan",3,"LINE","No",8.6,8,"Single",1,3,"Medium",-0.6,"Messaging","Moderate",13.6,1,0,2
290,21,"Male","Graduate","Italy",5.2,"Instagram","Yes",6.9,5,"Single",3,7,"High",1.1,"Content-Sharing","High",4.9,1,1,3
291,20,"Female","Undergraduate","South Korea",4.5,"KakaoTalk","Yes",7.3,6,"In Relationship",3,6,"Medium",0.7,"Messaging","High",7.3,2,1,2
292,22,"Male","Graduate","Russia",4,"VKontakte","No",8,7,"Single",2,5,"Medium",0,"Content-Sharing","Moderate",10,1,0,3
293,19,"Female","Undergraduate","USA",6.8,"TikTok","Yes",5.3,4,"In Relationship",4,9,"High",2.7,"Video-Based","High",0.300000000000001,2,1,2
294,21,"Male","Graduate","UK",4.9,"Instagram","Yes",6.7,6,"Single",3,7,"Medium",1.3,"Content-Sharing","High",5.7,1,1,3
295,20,"Female","Undergraduate","Australia",4.2,"Facebook","No",7.6,7,"In Relationship",2,5,"Medium",0.4,"Content-Sharing","Moderate",9.6,2,0,2
296,22,"Male","Graduate","Germany",3.4,"Instagram","No",8.1,8,"Single",1,4,"Medium",-0.0999999999999996,"Content-Sharing","Moderate",12.1,1,0,3
297,19,"Female","Undergraduate","Japan",2.9,"LINE","No",8.7,8,"Single",1,3,"Medium",-0.699999999999999,"Messaging","Moderate",13.7,1,0,2
298,21,"Male","Graduate","Italy",5.1,"TikTok","Yes",7,5,"In Relationship",3,8,"High",1,"Video-Based","High",4,2,1,3
299,20,"Female","Undergraduate","South Korea",4.4,"KakaoTalk","Yes",7.4,6,"Single",3,6,"Medium",0.6,"Messaging","High",7.4,1,1,2
300,22,"Male","Graduate","Russia",3.9,"VKontakte","No",8.1,7,"In Relationship",2,5,"Medium",-0.0999999999999996,"Content-Sharing","Moderate",10.1,2,0,3
301,19,"Female","Undergraduate","USA",6.9,"Instagram","Yes",5.2,4,"Single",4,9,"High",2.8,"Content-Sharing","High",0.199999999999999,1,1,2
302,21,"Male","Graduate","UK",4.8,"Facebook","Yes",6.8,6,"In Relationship",3,7,"Medium",1.2,"Content-Sharing","High",5.8,2,1,3
303,20,"Female","Undergraduate","Australia",4.1,"Instagram","No",7.7,7,"Single",2,5,"Medium",0.3,"Content-Sharing","Moderate",9.7,1,0,2
304,22,"Male","Graduate","Germany",3.3,"Facebook","No",8.2,8,"In Relationship",1,4,"Medium",-0.199999999999999,"Content-Sharing","Moderate",12.2,2,0,3
305,19,"Female","Undergraduate","Japan",2.8,"LINE","No",8.8,8,"Single",1,3,"Medium",-0.800000000000001,"Messaging","Moderate",13.8,1,0,2
306,21,"Male","Graduate","Italy",5,"Instagram","Yes",7.1,5,"Single",3,7,"High",0.9,"Content-Sharing","High",5.1,1,1,3
307,20,"Female","Undergraduate","South Korea",4.3,"KakaoTalk","Yes",7.5,6,"In Relationship",3,6,"Medium",0.5,"Messaging","High",7.5,2,1,2
308,22,"Male","Graduate","Russia",3.8,"VKontakte","No",8.2,7,"Single",2,5,"Medium",-0.199999999999999,"Content-Sharing","Moderate",10.2,1,0,3
309,19,"Female","Undergraduate","USA",7,"TikTok","Yes",5.1,4,"In Relationship",4,9,"High",2.9,"Video-Based","High",0.0999999999999996,2,1,2
310,21,"Male","Graduate","UK",4.7,"Instagram","Yes",6.9,6,"Single",3,7,"Medium",1.1,"Content-Sharing","High",5.9,1,1,3
311,20,"Female","Undergraduate","Australia",4,"Facebook","No",7.8,7,"In Relationship",2,5,"Medium",0.2,"Content-Sharing","Moderate",9.8,2,0,2
312,22,"Male","Graduate","Germany",3.2,"Instagram","No",8.3,8,"Single",1,4,"Medium",-0.300000000000001,"Content-Sharing","Moderate",12.3,1,0,3
313,19,"Female","Undergraduate","Japan",2.7,"LINE","No",8.9,8,"Single",1,3,"Medium",-0.9,"Messaging","Moderate",13.9,1,0,2
314,21,"Male","Graduate","Italy",4.9,"TikTok","Yes",7.2,5,"In Relationship",3,8,"Medium",0.8,"Video-Based","High",4.2,2,1,3
315,20,"Female","Undergraduate","South Korea",4.2,"KakaoTalk","Yes",7.6,6,"Single",3,6,"Medium",0.4,"Messaging","High",7.6,1,1,2
316,22,"Male","Graduate","Russia",3.7,"VKontakte","No",8.3,7,"In Relationship",2,5,"Medium",-0.300000000000001,"Content-Sharing","Moderate",10.3,2,0,3
317,19,"Female","Undergraduate","USA",7.1,"Instagram","Yes",5,4,"Single",4,9,"High",3,"Content-Sharing","High",0,1,1,2
318,21,"Male","Graduate","UK",4.6,"Facebook","Yes",7,6,"In Relationship",3,7,"Medium",1,"Content-Sharing","High",6,2,1,3
319,20,"Female","Undergraduate","Australia",3.9,"Instagram","No",7.9,7,"Single",2,5,"Medium",0.0999999999999996,"Content-Sharing","Moderate",9.9,1,0,2
320,22,"Male","Graduate","Germany",3.1,"Facebook","No",8.4,8,"In Relationship",1,4,"Medium",-0.4,"Content-Sharing","Moderate",12.4,2,0,3
321,19,"Female","Undergraduate","Spain",5.2,"Instagram","Yes",6.8,6,"Single",3,7,"High",1.2,"Content-Sharing","High",5.8,1,1,2
322,21,"Male","Graduate","Denmark",4.1,"Facebook","No",7.8,8,"In Relationship",2,4,"Medium",0.2,"Content-Sharing","Moderate",11.8,2,0,3
323,20,"Female","Undergraduate","Ireland",5,"Instagram","Yes",7,7,"Single",3,6,"High",1,"Content-Sharing","High",8,1,1,2
324,22,"Male","Graduate","India",5.8,"WhatsApp","Yes",6.5,5,"In Relationship",4,8,"High",1.5,"Messaging","High",3.5,2,1,3
325,19,"Female","Undergraduate","Switzerland",4,"Instagram","No",7.9,8,"Single",2,4,"Medium",0.0999999999999996,"Content-Sharing","Moderate",11.9,1,0,2
326,21,"Male","Graduate","Turkey",5.5,"Instagram","Yes",6.7,6,"Single",3,7,"High",1.3,"Content-Sharing","High",5.7,1,1,3
327,20,"Female","Undergraduate","USA",6.8,"TikTok","Yes",5.5,5,"In Relationship",4,9,"High",2.5,"Video-Based","High",1.5,2,1,2
328,22,"Male","Graduate","Mexico",5.6,"WhatsApp","Yes",6.6,6,"Single",3,7,"High",1.4,"Messaging","High",5.6,1,1,3
329,19,"Female","Undergraduate","France",4.5,"Instagram","No",7.5,7,"In Relationship",2,5,"Medium",0.5,"Content-Sharing","Moderate",9.5,2,0,2
330,21,"Male","Graduate","Canada",5.3,"Instagram","Yes",6.9,6,"Single",3,7,"High",1.1,"Content-Sharing","High",5.9,1,1,3
331,20,"Female","Undergraduate","Spain",5.1,"TikTok","Yes",6.7,6,"Single",3,7,"High",1.3,"Video-Based","High",5.7,1,1,2
332,22,"Male","Graduate","Denmark",3.9,"Facebook","No",7.9,8,"In Relationship",2,4,"Medium",0.0999999999999996,"Content-Sharing","Moderate",11.9,2,0,3
333,19,"Female","Undergraduate","Ireland",4.8,"Instagram","Yes",7.1,7,"Single",3,6,"Medium",0.9,"Content-Sharing","High",8.1,1,1,2
334,21,"Male","Graduate","India",5.9,"WhatsApp","Yes",6.4,5,"In Relationship",4,8,"High",1.6,"Messaging","High",3.4,2,1,3
335,20,"Female","Undergraduate","Switzerland",3.8,"Instagram","No",8,8,"Single",2,4,"Medium",0,"Content-Sharing","Moderate",12,1,0,2
336,22,"Male","Graduate","Turkey",5.4,"TikTok","Yes",6.8,6,"Single",3,7,"High",1.2,"Video-Based","High",5.8,1,1,3
337,19,"Female","Undergraduate","USA",6.9,"Instagram","Yes",5.4,5,"In Relationship",4,9,"High",2.6,"Content-Sharing","High",1.4,2,1,2
338,21,"Male","Graduate","Mexico",5.7,"WhatsApp","Yes",6.5,6,"Single",3,7,"High",1.5,"Messaging","High",5.5,1,1,3
339,20,"Female","Undergraduate","France",4.4,"Instagram","No",7.6,7,"In Relationship",2,5,"Medium",0.4,"Content-Sharing","Moderate",9.6,2,0,2
340,22,"Male","Graduate","Canada",5.2,"TikTok","Yes",7,6,"Single",3,7,"High",1,"Video-Based","High",6,1,1,3
341,19,"Female","Undergraduate","Spain",5,"Instagram","Yes",6.9,6,"Single",3,7,"High",1.1,"Content-Sharing","High",5.9,1,1,2
342,21,"Male","Graduate","Denmark",3.8,"Facebook","No",8,8,"In Relationship",2,4,"Medium",0,"Content-Sharing","Moderate",12,2,0,3
343,20,"Female","Undergraduate","Ireland",4.7,"TikTok","Yes",7.2,7,"Single",3,6,"Medium",0.8,"Video-Based","High",8.2,1,1,2
344,22,"Male","Graduate","India",6,"WhatsApp","Yes",6.3,5,"In Relationship",4,8,"High",1.7,"Messaging","High",3.3,2,1,3
345,19,"Female","Undergraduate","Switzerland",3.7,"Instagram","No",8.1,8,"Single",2,4,"Medium",-0.0999999999999996,"Content-Sharing","Moderate",12.1,1,0,2
346,21,"Male","Graduate","Turkey",5.3,"Instagram","Yes",6.9,6,"Single",3,7,"High",1.1,"Content-Sharing","High",5.9,1,1,3
347,20,"Female","Undergraduate","USA",7,"TikTok","Yes",5.3,5,"In Relationship",4,9,"High",2.7,"Video-Based","High",1.3,2,1,2
348,22,"Male","Graduate","Mexico",5.8,"WhatsApp","Yes",6.4,6,"Single",3,7,"High",1.6,"Messaging","High",5.4,1,1,3
349,19,"Female","Undergraduate","France",4.3,"Instagram","No",7.7,7,"In Relationship",2,5,"Medium",0.3,"Content-Sharing","Moderate",9.7,2,0,2
350,21,"Male","Graduate","Canada",5.1,"Instagram","Yes",7.1,6,"Single",3,7,"High",0.9,"Content-Sharing","High",6.1,1,1,3
351,20,"Female","Undergraduate","Spain",4.9,"TikTok","Yes",7,6,"Single",3,7,"Medium",1,"Video-Based","High",6,1,1,2
352,22,"Male","Graduate","Denmark",3.7,"Facebook","No",8.1,8,"In Relationship",2,4,"Medium",-0.0999999999999996,"Content-Sharing","Moderate",12.1,2,0,3
353,19,"Female","Undergraduate","Ireland",4.6,"Instagram","Yes",7.3,7,"Single",3,6,"Medium",0.7,"Content-Sharing","High",8.3,1,1,2
354,21,"Male","Graduate","India",6.1,"WhatsApp","Yes",6.2,5,"In Relationship",4,8,"High",1.8,"Messaging","High",3.2,2,1,3
355,20,"Female","Undergraduate","Switzerland",3.6,"Instagram","No",8.2,8,"Single",2,4,"Medium",-0.199999999999999,"Content-Sharing","Moderate",12.2,1,0,2
356,22,"Male","Graduate","Turkey",5.2,"TikTok","Yes",7,6,"Single",3,7,"High",1,"Video-Based","High",6,1,1,3
357,19,"Female","Undergraduate","USA",7.1,"Instagram","Yes",5.2,5,"In Relationship",4,9,"High",2.8,"Content-Sharing","High",1.2,2,1,2
358,21,"Male","Graduate","Mexico",5.9,"WhatsApp","Yes",6.3,6,"Single",3,7,"High",1.7,"Messaging","High",5.3,1,1,3
359,20,"Female","Undergraduate","France",4.2,"Instagram","No",7.8,7,"In Relationship",2,5,"Medium",0.2,"Content-Sharing","Moderate",9.8,2,0,2
360,22,"Male","Graduate","Canada",5,"TikTok","Yes",7.2,6,"Single",3,7,"High",0.8,"Video-Based","High",6.2,1,1,3
361,19,"Female","Undergraduate","Spain",4.8,"Instagram","Yes",7.1,6,"Single",3,7,"Medium",0.9,"Content-Sharing","High",6.1,1,1,2
362,21,"Male","Graduate","Denmark",3.6,"Facebook","No",8.2,8,"In Relationship",2,4,"Medium",-0.199999999999999,"Content-Sharing","Moderate",12.2,2,0,3
363,20,"Female","Undergraduate","Ireland",4.5,"TikTok","Yes",7.4,7,"Single",3,6,"Medium",0.6,"Video-Based","High",8.4,1,1,2
364,22,"Male","Graduate","India",6.2,"WhatsApp","Yes",6.1,5,"In Relationship",4,8,"High",1.9,"Messaging","High",3.1,2,1,3
365,19,"Female","Undergraduate","Switzerland",3.5,"Instagram","No",8.3,8,"Single",2,4,"Medium",-0.300000000000001,"Content-Sharing","Moderate",12.3,1,0,2
366,21,"Male","Graduate","Turkey",5.1,"Instagram","Yes",7.1,6,"Single",3,7,"High",0.9,"Content-Sharing","High",6.1,1,1,3
367,20,"Female","Undergraduate","USA",7.2,"TikTok","Yes",5.1,5,"In Relationship",4,9,"High",2.9,"Video-Based","High",1.1,2,1,2
368,22,"Male","Graduate","Mexico",6,"WhatsApp","Yes",6.2,6,"Single",3,7,"High",1.8,"Messaging","High",5.2,1,1,3
369,19,"Female","Undergraduate","France",4.1,"Instagram","No",7.9,7,"In Relationship",2,5,"Medium",0.0999999999999996,"Content-Sharing","Moderate",9.9,2,0,2
370,21,"Male","Graduate","Canada",4.9,"Instagram","Yes",7.3,6,"Single",3,7,"Medium",0.7,"Content-Sharing","High",6.3,1,1,3
371,20,"Female","Undergraduate","Spain",4.7,"TikTok","Yes",7.2,6,"Single",3,7,"Medium",0.8,"Video-Based","High",6.2,1,1,2
372,22,"Male","Graduate","Denmark",3.5,"Facebook","No",8.3,8,"In Relationship",2,4,"Medium",-0.300000000000001,"Content-Sharing","Moderate",12.3,2,0,3
373,19,"Female","Undergraduate","Ireland",4.4,"Instagram","Yes",7.5,7,"Single",3,6,"Medium",0.5,"Content-Sharing","High",8.5,1,1,2
374,21,"Male","Graduate","India",6.3,"WhatsApp","Yes",6,5,"In Relationship",4,8,"High",2,"Messaging","High",3,2,1,3
375,20,"Female","Undergraduate","Switzerland",3.4,"Instagram","No",8.4,8,"Single",2,4,"Medium",-0.4,"Content-Sharing","Moderate",12.4,1,0,2
376,22,"Male","Graduate","Turkey",5,"TikTok","Yes",7.2,6,"Single",3,7,"High",0.8,"Video-Based","High",6.2,1,1,3
377,19,"Female","Undergraduate","USA",7.3,"Instagram","Yes",5,5,"In Relationship",4,9,"High",3,"Content-Sharing","High",1,2,1,2
378,21,"Male","Graduate","Mexico",6.1,"WhatsApp","Yes",6.1,6,"Single",3,7,"High",1.9,"Messaging","High",5.1,1,1,3
379,20,"Female","Undergraduate","France",4,"Instagram","No",8,7,"In Relationship",2,5,"Medium",0,"Content-Sharing","Moderate",10,2,0,2
380,22,"Male","Graduate","Canada",4.8,"TikTok","Yes",7.4,6,"Single",3,7,"Medium",0.6,"Video-Based","High",6.4,1,1,3
381,19,"Female","Undergraduate","Spain",4.6,"Instagram","Yes",7.3,6,"Single",3,7,"Medium",0.7,"Content-Sharing","High",6.3,1,1,2
382,21,"Male","Graduate","Denmark",3.4,"Facebook","No",8.4,8,"In Relationship",2,4,"Medium",-0.4,"Content-Sharing","Moderate",12.4,2,0,3
383,20,"Female","Undergraduate","Ireland",4.3,"TikTok","Yes",7.6,7,"Single",3,6,"Medium",0.4,"Video-Based","High",8.6,1,1,2
384,22,"Male","Graduate","India",6.4,"WhatsApp","Yes",5.9,5,"In Relationship",4,8,"High",2.1,"Messaging","High",2.9,2,1,3
385,19,"Female","Undergraduate","Switzerland",3.3,"Instagram","No",8.5,8,"Single",2,4,"Medium",-0.5,"Content-Sharing","Moderate",12.5,1,0,2
386,21,"Male","Graduate","Turkey",4.9,"Instagram","Yes",7.3,6,"Single",3,7,"Medium",0.7,"Content-Sharing","High",6.3,1,1,3
387,20,"Female","Undergraduate","USA",7.4,"TikTok","Yes",4.9,5,"In Relationship",4,9,"High",3.1,"Video-Based","High",0.9,2,1,2
388,22,"Male","Graduate","Mexico",6.2,"WhatsApp","Yes",6,6,"Single",3,7,"High",2,"Messaging","High",5,1,1,3
389,19,"Female","Undergraduate","France",3.9,"Instagram","No",8.1,7,"In Relationship",2,5,"Medium",-0.0999999999999996,"Content-Sharing","Moderate",10.1,2,0,2
390,21,"Male","Graduate","Canada",4.7,"Instagram","Yes",7.5,6,"Single",3,7,"Medium",0.5,"Content-Sharing","High",6.5,1,1,3
391,20,"Female","Undergraduate","Spain",4.5,"TikTok","Yes",7.4,6,"Single",3,7,"Medium",0.6,"Video-Based","High",6.4,1,1,2
392,22,"Male","Graduate","Denmark",3.3,"Facebook","No",8.5,8,"In Relationship",2,4,"Medium",-0.5,"Content-Sharing","Moderate",12.5,2,0,3
393,19,"Female","Undergraduate","Ireland",4.2,"Instagram","Yes",7.7,7,"Single",3,6,"Medium",0.3,"Content-Sharing","High",8.7,1,1,2
394,21,"Male","Graduate","India",6.5,"WhatsApp","Yes",5.8,5,"In Relationship",4,8,"High",2.2,"Messaging","High",2.8,2,1,3
395,20,"Female","Undergraduate","Switzerland",3.2,"Instagram","No",8.6,8,"Single",2,4,"Medium",-0.6,"Content-Sharing","Moderate",12.6,1,0,2
396,22,"Male","Graduate","Turkey",4.8,"TikTok","Yes",7.4,6,"Single",3,7,"Medium",0.6,"Video-Based","High",6.4,1,1,3
397,19,"Female","Undergraduate","USA",7.5,"Instagram","Yes",4.8,5,"In Relationship",4,9,"High",3.2,"Content-Sharing","High",0.800000000000001,2,1,2
398,21,"Male","Graduate","Mexico",6.3,"WhatsApp","Yes",5.9,6,"Single",3,7,"High",2.1,"Messaging","High",4.9,1,1,3
399,20,"Female","Undergraduate","France",3.8,"Instagram","No",8.2,7,"In Relationship",2,5,"Medium",-0.199999999999999,"Content-Sharing","Moderate",10.2,2,0,2
400,22,"Male","Graduate","Canada",4.6,"TikTok","Yes",7.6,6,"Single",3,7,"Medium",0.4,"Video-Based","High",6.6,1,1,3
401,19,"Female","Undergraduate","Spain",4.4,"Instagram","Yes",7.5,6,"Single",3,7,"Medium",0.5,"Content-Sharing","High",6.5,1,1,2
402,21,"Male","Graduate","Denmark",3.2,"Facebook","No",8.6,8,"In Relationship",2,4,"Medium",-0.6,"Content-Sharing","Moderate",12.6,2,0,3
403,20,"Female","Undergraduate","Ireland",4.1,"TikTok","Yes",7.8,7,"Single",3,6,"Medium",0.2,"Video-Based","High",8.8,1,1,2
404,22,"Male","Graduate","India",6.6,"WhatsApp","Yes",5.7,5,"In Relationship",4,8,"High",2.3,"Messaging","High",2.7,2,1,3
405,19,"Female","Undergraduate","Switzerland",3.1,"Instagram","No",8.7,8,"Single",2,4,"Medium",-0.699999999999999,"Content-Sharing","Moderate",12.7,1,0,2
406,21,"Male","Graduate","Turkey",4.7,"Instagram","Yes",7.5,6,"Single",3,7,"Medium",0.5,"Content-Sharing","High",6.5,1,1,3
407,20,"Female","Undergraduate","USA",7.6,"TikTok","Yes",4.7,5,"In Relationship",4,9,"High",3.3,"Video-Based","High",0.699999999999999,2,1,2
408,22,"Male","Graduate","Mexico",6.4,"WhatsApp","Yes",5.8,6,"Single",3,7,"High",2.2,"Messaging","High",4.8,1,1,3
409,19,"Female","Undergraduate","France",3.7,"Instagram","No",8.3,7,"In Relationship",2,5,"Medium",-0.300000000000001,"Content-Sharing","Moderate",10.3,2,0,2
410,21,"Male","Graduate","Canada",4.5,"Instagram","Yes",7.7,6,"Single",3,7,"Medium",0.3,"Content-Sharing","High",6.7,1,1,3
411,20,"Female","Undergraduate","Spain",4.3,"TikTok","Yes",7.6,6,"Single",3,7,"Medium",0.4,"Video-Based","High",6.6,1,1,2
412,22,"Male","Graduate","Denmark",3.1,"Facebook","No",8.7,8,"In Relationship",2,4,"Medium",-0.699999999999999,"Content-Sharing","Moderate",12.7,2,0,3
413,19,"Female","Undergraduate","Ireland",4,"Instagram","Yes",7.9,7,"Single",3,6,"Medium",0.0999999999999996,"Content-Sharing","High",8.9,1,1,2
414,21,"Male","Graduate","India",6.7,"WhatsApp","Yes",5.6,5,"In Relationship",4,8,"High",2.4,"Messaging","High",2.6,2,1,3
415,20,"Female","Undergraduate","Switzerland",3,"Instagram","No",8.8,8,"Single",2,4,"Medium",-0.800000000000001,"Content-Sharing","Moderate",12.8,1,0,2
416,22,"Male","Graduate","Turkey",4.6,"TikTok","Yes",7.6,6,"Single",3,7,"Medium",0.4,"Video-Based","High",6.6,1,1,3
417,19,"Female","Undergraduate","USA",7.7,"Instagram","Yes",4.6,5,"In Relationship",4,9,"High",3.4,"Content-Sharing","High",0.6,2,1,2
418,21,"Male","Graduate","Mexico",6.5,"WhatsApp","Yes",5.7,6,"Single",3,7,"High",2.3,"Messaging","High",4.7,1,1,3
419,20,"Female","Undergraduate","France",3.6,"Instagram","No",8.4,7,"In Relationship",2,5,"Medium",-0.4,"Content-Sharing","Moderate",10.4,2,0,2
420,22,"Male","Graduate","Canada",4.4,"TikTok","Yes",7.8,6,"Single",3,7,"Medium",0.2,"Video-Based","High",6.8,1,1,3
421,19,"Female","Undergraduate","Spain",4.2,"Instagram","Yes",7.7,6,"Single",3,7,"Medium",0.3,"Content-Sharing","High",6.7,1,1,2
422,21,"Male","Graduate","Denmark",3,"Facebook","No",8.8,8,"In Relationship",2,4,"Medium",-0.800000000000001,"Content-Sharing","Moderate",12.8,2,0,3
423,20,"Female","Undergraduate","Ireland",3.9,"TikTok","Yes",8,7,"Single",3,6,"Medium",0,"Video-Based","High",9,1,1,2
424,22,"Male","Graduate","India",6.8,"WhatsApp","Yes",5.5,5,"In Relationship",4,8,"High",2.5,"Messaging","High",2.5,2,1,3
425,19,"Female","Undergraduate","Switzerland",2.9,"Instagram","No",8.9,8,"Single",2,4,"Medium",-0.9,"Content-Sharing","Moderate",12.9,1,0,2
426,21,"Male","Graduate","Turkey",4.5,"Instagram","Yes",7.7,6,"Single",3,7,"Medium",0.3,"Content-Sharing","High",6.7,1,1,3
427,20,"Female","Undergraduate","USA",7.8,"TikTok","Yes",4.5,5,"In Relationship",4,9,"High",3.5,"Video-Based","High",0.5,2,1,2
428,22,"Male","Graduate","Mexico",6.6,"WhatsApp","Yes",5.6,6,"Single",3,7,"High",2.4,"Messaging","High",4.6,1,1,3
429,19,"Female","Undergraduate","France",3.5,"Instagram","No",8.5,7,"In Relationship",2,5,"Medium",-0.5,"Content-Sharing","Moderate",10.5,2,0,2
430,21,"Male","Graduate","Canada",4.3,"Instagram","Yes",7.9,6,"Single",3,7,"Medium",0.0999999999999996,"Content-Sharing","High",6.9,1,1,3
431,20,"Female","Undergraduate","Spain",4.1,"TikTok","Yes",7.8,6,"Single",3,7,"Medium",0.2,"Video-Based","High",6.8,1,1,2
432,22,"Male","Graduate","Denmark",2.9,"Facebook","No",8.9,8,"In Relationship",2,4,"Medium",-0.9,"Content-Sharing","Moderate",12.9,2,0,3
433,19,"Female","Undergraduate","Ireland",3.8,"Instagram","Yes",8.1,7,"Single",3,6,"Medium",-0.0999999999999996,"Content-Sharing","High",9.1,1,1,2
434,21,"Male","Graduate","India",6.9,"WhatsApp","Yes",5.4,5,"In Relationship",4,8,"High",2.6,"Messaging","High",2.4,2,1,3
435,20,"Female","Undergraduate","Switzerland",2.8,"Instagram","No",9,8,"Single",2,4,"Medium",-1,"Content-Sharing","Moderate",13,1,0,2
436,22,"Male","Graduate","Turkey",4.4,"TikTok","Yes",7.8,6,"Single",3,7,"Medium",0.2,"Video-Based","High",6.8,1,1,3
437,19,"Female","Undergraduate","USA",7.9,"Instagram","Yes",4.4,5,"In Relationship",4,9,"High",3.6,"Content-Sharing","High",0.4,2,1,2
438,21,"Male","Graduate","Mexico",6.7,"WhatsApp","Yes",5.5,6,"Single",3,7,"High",2.5,"Messaging","High",4.5,1,1,3
439,20,"Female","Undergraduate","France",3.4,"Instagram","No",8.6,7,"In Relationship",2,5,"Medium",-0.6,"Content-Sharing","Moderate",10.6,2,0,2
440,22,"Male","Graduate","Canada",4.2,"TikTok","Yes",8,6,"Single",3,7,"Medium",0,"Video-Based","High",7,1,1,3
441,19,"Female","Undergraduate","Spain",4,"Instagram","Yes",7.9,6,"Single",3,7,"Medium",0.0999999999999996,"Content-Sharing","High",6.9,1,1,2
442,21,"Male","Graduate","Denmark",2.8,"Facebook","No",9,8,"In Relationship",2,4,"Medium",-1,"Content-Sharing","Moderate",13,2,0,3
443,20,"Female","Undergraduate","Ireland",3.7,"TikTok","Yes",8.2,7,"Single",3,6,"Medium",-0.199999999999999,"Video-Based","High",9.2,1,1,2
444,22,"Male","Graduate","India",7,"WhatsApp","Yes",5.3,5,"In Relationship",4,8,"High",2.7,"Messaging","High",2.3,2,1,3
445,19,"Female","Undergraduate","Switzerland",2.7,"Instagram","No",9.1,8,"Single",2,4,"Medium",-1.1,"Content-Sharing","Moderate",13.1,1,0,2
446,21,"Male","Graduate","Turkey",4.3,"Instagram","Yes",7.9,6,"Single",3,7,"Medium",0.0999999999999996,"Content-Sharing","High",6.9,1,1,3
447,20,"Female","Undergraduate","USA",8,"TikTok","Yes",4.3,5,"In Relationship",4,9,"High",3.7,"Video-Based","High",0.300000000000001,2,1,2
448,22,"Male","Graduate","Mexico",6.8,"WhatsApp","Yes",5.4,6,"Single",3,7,"High",2.6,"Messaging","High",4.4,1,1,3
449,19,"Female","Undergraduate","France",3.3,"Instagram","No",8.7,7,"In Relationship",2,5,"Medium",-0.699999999999999,"Content-Sharing","Moderate",10.7,2,0,2
450,21,"Male","Graduate","Canada",4.1,"Instagram","Yes",8.1,6,"Single",3,7,"Medium",-0.0999999999999996,"Content-Sharing","High",7.1,1,1,3
451,20,"Female","Undergraduate","Spain",3.9,"TikTok","Yes",8,6,"Single",3,7,"Medium",0,"Video-Based","High",7,1,1,2
452,22,"Male","Graduate","Denmark",2.7,"Facebook","No",9.1,8,"In Relationship",2,4,"Medium",-1.1,"Content-Sharing","Moderate",13.1,2,0,3
453,19,"Female","Undergraduate","Ireland",3.6,"Instagram","Yes",8.3,7,"Single",3,6,"Medium",-0.300000000000001,"Content-Sharing","High",9.3,1,1,2
454,21,"Male","Graduate","India",7.1,"WhatsApp","Yes",5.2,5,"In Relationship",4,8,"High",2.8,"Messaging","High",2.2,2,1,3
455,20,"Female","Undergraduate","Switzerland",2.6,"Instagram","No",9.2,8,"Single",2,4,"Medium",-1.2,"Content-Sharing","Moderate",13.2,1,0,2
456,22,"Male","Graduate","Turkey",4.2,"TikTok","Yes",8,6,"Single",3,7,"Medium",0,"Video-Based","High",7,1,1,3
457,19,"Female","Undergraduate","USA",8.1,"Instagram","Yes",4.2,5,"In Relationship",4,9,"High",3.8,"Content-Sharing","High",0.199999999999999,2,1,2
458,21,"Male","Graduate","Mexico",6.9,"WhatsApp","Yes",5.3,6,"Single",3,7,"High",2.7,"Messaging","High",4.3,1,1,3
459,20,"Female","Undergraduate","France",3.2,"Instagram","No",8.8,7,"In Relationship",2,5,"Medium",-0.800000000000001,"Content-Sharing","Moderate",10.8,2,0,2
460,22,"Male","Graduate","Canada",4,"TikTok","Yes",8.2,6,"Single",3,7,"Medium",-0.199999999999999,"Video-Based","High",7.2,1,1,3
461,19,"Female","Undergraduate","Spain",3.8,"Instagram","Yes",8.1,6,"Single",3,7,"Medium",-0.0999999999999996,"Content-Sharing","High",7.1,1,1,2
462,21,"Male","Graduate","Denmark",2.6,"Facebook","No",9.2,8,"In Relationship",2,4,"Medium",-1.2,"Content-Sharing","Moderate",13.2,2,0,3
463,20,"Female","Undergraduate","Ireland",3.5,"TikTok","Yes",8.4,7,"Single",3,6,"Medium",-0.4,"Video-Based","High",9.4,1,1,2
464,22,"Male","Graduate","India",7.2,"WhatsApp","Yes",5.1,5,"In Relationship",4,8,"High",2.9,"Messaging","High",2.1,2,1,3
465,19,"Female","Undergraduate","Switzerland",2.5,"Instagram","No",9.3,8,"Single",2,4,"Medium",-1.3,"Content-Sharing","Moderate",13.3,1,0,2
466,21,"Male","Graduate","Turkey",4.1,"Instagram","Yes",8.1,6,"Single",3,7,"Medium",-0.0999999999999996,"Content-Sharing","High",7.1,1,1,3
467,20,"Female","Undergraduate","USA",8.2,"TikTok","Yes",4.1,5,"In Relationship",4,9,"High",3.9,"Video-Based","High",0.0999999999999996,2,1,2
468,22,"Male","Graduate","Mexico",7,"WhatsApp","Yes",5.2,6,"Single",3,7,"High",2.8,"Messaging","High",4.2,1,1,3
469,19,"Female","Undergraduate","France",3.1,"Instagram","No",8.9,7,"In Relationship",2,5,"Medium",-0.9,"Content-Sharing","Moderate",10.9,2,0,2
470,21,"Male","Graduate","Canada",3.9,"Instagram","Yes",8.3,6,"Single",3,7,"Medium",-0.300000000000001,"Content-Sharing","High",7.3,1,1,3
471,20,"Female","Undergraduate","Spain",3.7,"TikTok","Yes",8.2,6,"Single",3,7,"Medium",-0.199999999999999,"Video-Based","High",7.2,1,1,2
472,22,"Male","Graduate","Denmark",2.5,"Facebook","No",9.3,8,"In Relationship",2,4,"Medium",-1.3,"Content-Sharing","Moderate",13.3,2,0,3
473,19,"Female","Undergraduate","Ireland",3.4,"Instagram","Yes",8.5,7,"Single",3,6,"Medium",-0.5,"Content-Sharing","High",9.5,1,1,2
474,21,"Male","Graduate","India",7.3,"WhatsApp","Yes",5,5,"In Relationship",4,8,"High",3,"Messaging","High",2,2,1,3
475,20,"Female","Undergraduate","Switzerland",2.4,"Instagram","No",9.4,8,"Single",2,4,"Medium",-1.4,"Content-Sharing","Moderate",13.4,1,0,2
476,22,"Male","Graduate","Turkey",4,"TikTok","Yes",8.2,6,"Single",3,7,"Medium",-0.199999999999999,"Video-Based","High",7.2,1,1,3
477,19,"Female","Undergraduate","USA",8.3,"Instagram","Yes",4,5,"In Relationship",4,9,"High",4,"Content-Sharing","High",0,2,1,2
478,21,"Male","Graduate","Mexico",7.1,"WhatsApp","Yes",5.1,6,"Single",3,7,"High",2.9,"Messaging","High",4.1,1,1,3
479,20,"Female","Undergraduate","France",3,"Instagram","No",9,7,"In Relationship",2,5,"Medium",-1,"Content-Sharing","Moderate",11,2,0,2
480,22,"Male","Graduate","Canada",3.8,"TikTok","Yes",8.4,6,"Single",3,7,"Medium",-0.4,"Video-Based","High",7.4,1,1,3
481,19,"Female","Undergraduate","Spain",3.6,"Instagram","Yes",8.3,6,"Single",3,7,"Medium",-0.300000000000001,"Content-Sharing","High",7.3,1,1,2
482,21,"Male","Graduate","Denmark",2.4,"Facebook","No",9.4,8,"In Relationship",2,4,"Medium",-1.4,"Content-Sharing","Moderate",13.4,2,0,3
483,20,"Female","Undergraduate","Ireland",3.3,"TikTok","Yes",8.6,7,"Single",3,6,"Medium",-0.6,"Video-Based","High",9.6,1,1,2
484,22,"Male","Graduate","India",7.4,"WhatsApp","Yes",4.9,5,"In Relationship",4,8,"High",3.1,"Messaging","High",1.9,2,1,3
485,19,"Female","Undergraduate","Switzerland",2.3,"Instagram","No",9.5,8,"Single",2,4,"Medium",-1.5,"Content-Sharing","Moderate",13.5,1,0,2
486,21,"Male","Graduate","Turkey",3.9,"Instagram","Yes",8.3,6,"Single",3,7,"Medium",-0.300000000000001,"Content-Sharing","High",7.3,1,1,3
487,20,"Female","Undergraduate","USA",8.4,"TikTok","Yes",3.9,5,"In Relationship",4,9,"High",4.1,"Video-Based","High",-0.0999999999999996,2,1,2
488,22,"Male","Graduate","Mexico",7.2,"WhatsApp","Yes",5,6,"Single",3,7,"High",3,"Messaging","High",4,1,1,3
489,19,"Female","Undergraduate","France",2.9,"Instagram","No",9.1,7,"In Relationship",2,5,"Medium",-1.1,"Content-Sharing","Moderate",11.1,2,0,2
490,21,"Male","Graduate","Canada",3.7,"Instagram","Yes",8.5,6,"Single",3,7,"Medium",-0.5,"Content-Sharing","High",7.5,1,1,3
491,20,"Female","Undergraduate","Spain",3.5,"TikTok","Yes",8.4,6,"Single",3,7,"Medium",-0.4,"Video-Based","High",7.4,1,1,2
492,22,"Male","Graduate","Denmark",2.3,"Facebook","No",9.5,8,"In Relationship",2,4,"Medium",-1.5,"Content-Sharing","Moderate",13.5,2,0,3
493,19,"Female","Undergraduate","Ireland",3.2,"Instagram","Yes",8.7,7,"Single",3,6,"Medium",-0.699999999999999,"Content-Sharing","High",9.7,1,1,2
494,21,"Male","Graduate","India",7.5,"WhatsApp","Yes",4.8,5,"In Relationship",4,8,"High",3.2,"Messaging","High",1.8,2,1,3
495,20,"Female","Undergraduate","Switzerland",2.2,"Instagram","No",9.6,8,"Single",2,4,"Medium",-1.6,"Content-Sharing","Moderate",13.6,1,0,2
496,22,"Male","Graduate","Turkey",3.8,"TikTok","Yes",8.4,6,"Single",3,7,"Medium",-0.4,"Video-Based","High",7.4,1,1,3
497,19,"Female","Undergraduate","USA",8.5,"Instagram","Yes",3.8,5,"In Relationship",4,9,"High",4.2,"Content-Sharing","High",-0.199999999999999,2,1,2
498,21,"Male","Graduate","Mexico",7.3,"WhatsApp","Yes",4.9,6,"Single",3,7,"High",3.1,"Messaging","High",3.9,1,1,3
499,20,"Female","Undergraduate","France",2.8,"Instagram","No",9.2,7,"In Relationship",2,5,"Medium",-1.2,"Content-Sharing","Moderate",11.2,2,0,2
500,22,"Male","Graduate","Canada",3.6,"TikTok","Yes",8.6,6,"Single",3,7,"Medium",-0.6,"Video-Based","High",7.6,1,1,3
501,19,"Female","Undergraduate","Brazil",6.2,"WhatsApp","Yes",6.3,6,"Single",3,7,"High",1.7,"Messaging","High",5.3,1,1,2
502,21,"Male","Graduate","China",4.5,"WeChat","No",7.8,7,"In Relationship",2,5,"Medium",0.2,"Messaging","Moderate",9.8,2,0,3
503,20,"Female","Undergraduate","Netherlands",3.8,"Instagram","No",8.2,8,"Single",2,4,"Medium",-0.199999999999999,"Content-Sharing","Moderate",12.2,1,0,2
504,22,"Male","Graduate","New Zealand",4.7,"Instagram","Yes",7.5,7,"In Relationship",3,6,"Medium",0.5,"Content-Sharing","High",8.5,2,1,3
505,19,"Female","Undergraduate","Singapore",5.1,"TikTok","Yes",7,6,"Single",3,7,"High",1,"Video-Based","High",6,1,1,2
506,21,"Male","Graduate","Malaysia",5.5,"WhatsApp","Yes",6.8,6,"Single",3,7,"High",1.2,"Messaging","High",5.8,1,1,3
507,20,"Female","Undergraduate","UAE",6.5,"Instagram","Yes",6.5,5,"In Relationship",4,8,"High",1.5,"Content-Sharing","High",3.5,2,1,2
508,22,"Male","Graduate","Poland",4.2,"Facebook","No",7.9,7,"Single",2,5,"Medium",0.0999999999999996,"Content-Sharing","Moderate",9.9,1,0,3
509,19,"Female","Undergraduate","India",6.8,"WhatsApp","Yes",6,5,"In Relationship",4,8,"High",2,"Messaging","High",3,2,1,2
510,21,"Male","Graduate","Canada",4.8,"Instagram","Yes",7.4,7,"Single",3,6,"Medium",0.6,"Content-Sharing","High",8.4,1,1,3
511,20,"Female","Undergraduate","Brazil",6.1,"Instagram","Yes",6.4,6,"Single",3,7,"High",1.6,"Content-Sharing","High",5.4,1,1,2
512,22,"Male","Graduate","China",4.4,"WeChat","No",7.9,7,"In Relationship",2,5,"Medium",0.0999999999999996,"Messaging","Moderate",9.9,2,0,3
513,19,"Female","Undergraduate","Netherlands",3.7,"TikTok","No",8.3,8,"Single",2,4,"Medium",-0.300000000000001,"Video-Based","Moderate",12.3,1,0,2
514,21,"Male","Graduate","New Zealand",4.6,"Instagram","Yes",7.6,7,"In Relationship",3,6,"Medium",0.4,"Content-Sharing","High",8.6,2,1,3
515,20,"Female","Undergraduate","Singapore",5.2,"TikTok","Yes",6.9,6,"Single",3,7,"High",1.1,"Video-Based","High",5.9,1,1,2
516,22,"Male","Graduate","Malaysia",5.6,"WhatsApp","Yes",6.7,6,"Single",3,7,"High",1.3,"Messaging","High",5.7,1,1,3
517,19,"Female","Undergraduate","UAE",6.6,"Instagram","Yes",6.4,5,"In Relationship",4,8,"High",1.6,"Content-Sharing","High",3.4,2,1,2
518,21,"Male","Graduate","Poland",4.1,"Facebook","No",8,7,"Single",2,5,"Medium",0,"Content-Sharing","Moderate",10,1,0,3
519,20,"Female","Undergraduate","India",6.9,"WhatsApp","Yes",5.9,5,"In Relationship",4,8,"High",2.1,"Messaging","High",2.9,2,1,2
520,22,"Male","Graduate","Canada",4.7,"TikTok","Yes",7.5,7,"Single",3,6,"Medium",0.5,"Video-Based","High",8.5,1,1,3
521,19,"Female","Undergraduate","Brazil",6,"WhatsApp","Yes",6.5,6,"Single",3,7,"High",1.5,"Messaging","High",5.5,1,1,2
522,21,"Male","Graduate","China",4.3,"WeChat","No",8,7,"In Relationship",2,5,"Medium",0,"Messaging","Moderate",10,2,0,3
523,20,"Female","Undergraduate","Netherlands",3.6,"Instagram","No",8.4,8,"Single",2,4,"Medium",-0.4,"Content-Sharing","Moderate",12.4,1,0,2
524,22,"Male","Graduate","New Zealand",4.5,"Facebook","Yes",7.7,7,"In Relationship",3,6,"Medium",0.3,"Content-Sharing","High",8.7,2,1,3
525,19,"Female","Undergraduate","Singapore",5.3,"TikTok","Yes",6.8,6,"Single",3,7,"High",1.2,"Video-Based","High",5.8,1,1,2
526,21,"Male","Graduate","Malaysia",5.7,"WhatsApp","Yes",6.6,6,"Single",3,7,"High",1.4,"Messaging","High",5.6,1,1,3
527,20,"Female","Undergraduate","UAE",6.7,"Instagram","Yes",6.3,5,"In Relationship",4,8,"High",1.7,"Content-Sharing","High",3.3,2,1,2
528,22,"Male","Graduate","Poland",4,"Facebook","No",8.1,7,"Single",2,5,"Medium",-0.0999999999999996,"Content-Sharing","Moderate",10.1,1,0,3
529,19,"Female","Undergraduate","India",7,"WhatsApp","Yes",5.8,5,"In Relationship",4,8,"High",2.2,"Messaging","High",2.8,2,1,2
530,21,"Male","Graduate","Canada",4.6,"Instagram","Yes",7.6,7,"Single",3,6,"Medium",0.4,"Content-Sharing","High",8.6,1,1,3
531,20,"Female","Undergraduate","Brazil",5.9,"TikTok","Yes",6.6,6,"Single",3,7,"High",1.4,"Video-Based","High",5.6,1,1,2
532,22,"Male","Graduate","China",4.2,"WeChat","No",8.1,7,"In Relationship",2,5,"Medium",-0.0999999999999996,"Messaging","Moderate",10.1,2,0,3
533,19,"Female","Undergraduate","Netherlands",3.5,"Instagram","No",8.5,8,"Single",2,4,"Medium",-0.5,"Content-Sharing","Moderate",12.5,1,0,2
534,21,"Male","Graduate","New Zealand",4.4,"Facebook","Yes",7.8,7,"In Relationship",3,6,"Medium",0.2,"Content-Sharing","High",8.8,2,1,3
535,20,"Female","Undergraduate","Singapore",5.4,"TikTok","Yes",6.7,6,"Single",3,7,"High",1.3,"Video-Based","High",5.7,1,1,2
536,22,"Male","Graduate","Malaysia",5.8,"WhatsApp","Yes",6.5,6,"Single",3,7,"High",1.5,"Messaging","High",5.5,1,1,3
537,19,"Female","Undergraduate","UAE",6.8,"Instagram","Yes",6.2,5,"In Relationship",4,8,"High",1.8,"Content-Sharing","High",3.2,2,1,2
538,21,"Male","Graduate","Poland",3.9,"Facebook","No",8.2,7,"Single",2,5,"Medium",-0.199999999999999,"Content-Sharing","Moderate",10.2,1,0,3
539,20,"Female","Undergraduate","India",7.1,"WhatsApp","Yes",5.7,5,"In Relationship",4,8,"High",2.3,"Messaging","High",2.7,2,1,2
540,22,"Male","Graduate","Canada",4.5,"TikTok","Yes",7.7,7,"Single",3,6,"Medium",0.3,"Video-Based","High",8.7,1,1,3
541,19,"Female","Undergraduate","Brazil",5.8,"WhatsApp","Yes",6.7,6,"Single",3,7,"High",1.3,"Messaging","High",5.7,1,1,2
542,21,"Male","Graduate","China",4.1,"WeChat","No",8.2,7,"In Relationship",2,5,"Medium",-0.199999999999999,"Messaging","Moderate",10.2,2,0,3
543,20,"Female","Undergraduate","Netherlands",3.4,"Instagram","No",8.6,8,"Single",2,4,"Medium",-0.6,"Content-Sharing","Moderate",12.6,1,0,2
544,22,"Male","Graduate","New Zealand",4.3,"Instagram","Yes",7.9,7,"In Relationship",3,6,"Medium",0.0999999999999996,"Content-Sharing","High",8.9,2,1,3
545,19,"Female","Undergraduate","Singapore",5.5,"TikTok","Yes",6.6,6,"Single",3,7,"High",1.4,"Video-Based","High",5.6,1,1,2
546,21,"Male","Graduate","Malaysia",5.9,"WhatsApp","Yes",6.4,6,"Single",3,7,"High",1.6,"Messaging","High",5.4,1,1,3
547,20,"Female","Undergraduate","UAE",6.9,"Instagram","Yes",6.1,5,"In Relationship",4,8,"High",1.9,"Content-Sharing","High",3.1,2,1,2
548,22,"Male","Graduate","Poland",3.8,"Facebook","No",8.3,7,"Single",2,5,"Medium",-0.300000000000001,"Content-Sharing","Moderate",10.3,1,0,3
549,19,"Female","Undergraduate","India",7.2,"WhatsApp","Yes",5.6,5,"In Relationship",4,8,"High",2.4,"Messaging","High",2.6,2,1,2
550,21,"Male","Graduate","Canada",4.4,"Instagram","Yes",7.8,7,"Single",3,6,"Medium",0.2,"Content-Sharing","High",8.8,1,1,3
551,20,"Female","Undergraduate","Brazil",5.7,"TikTok","Yes",6.8,6,"Single",3,7,"High",1.2,"Video-Based","High",5.8,1,1,2
552,22,"Male","Graduate","China",4,"WeChat","No",8.3,7,"In Relationship",2,5,"Medium",-0.300000000000001,"Messaging","Moderate",10.3,2,0,3
553,19,"Female","Undergraduate","Netherlands",3.3,"Instagram","No",8.7,8,"Single",2,4,"Medium",-0.699999999999999,"Content-Sharing","Moderate",12.7,1,0,2
554,21,"Male","Graduate","New Zealand",4.2,"Facebook","Yes",8,7,"In Relationship",3,6,"Medium",0,"Content-Sharing","High",9,2,1,3
555,20,"Female","Undergraduate","Singapore",5.6,"TikTok","Yes",6.5,6,"Single",3,7,"High",1.5,"Video-Based","High",5.5,1,1,2
556,22,"Male","Graduate","Malaysia",6,"WhatsApp","Yes",6.3,6,"Single",3,7,"High",1.7,"Messaging","High",5.3,1,1,3
557,19,"Female","Undergraduate","UAE",7,"Instagram","Yes",6,5,"In Relationship",4,8,"High",2,"Content-Sharing","High",3,2,1,2
558,21,"Male","Graduate","Poland",3.7,"Facebook","No",8.4,7,"Single",2,5,"Medium",-0.4,"Content-Sharing","Moderate",10.4,1,0,3
559,20,"Female","Undergraduate","India",7.3,"WhatsApp","Yes",5.5,5,"In Relationship",4,8,"High",2.5,"Messaging","High",2.5,2,1,2
560,22,"Male","Graduate","Canada",4.3,"TikTok","Yes",7.9,7,"Single",3,6,"Medium",0.0999999999999996,"Video-Based","High",8.9,1,1,3
561,19,"Female","Undergraduate","Brazil",5.6,"WhatsApp","Yes",6.9,6,"Single",3,7,"High",1.1,"Messaging","High",5.9,1,1,2
562,21,"Male","Graduate","China",3.9,"WeChat","No",8.4,7,"In Relationship",2,5,"Medium",-0.4,"Messaging","Moderate",10.4,2,0,3
563,20,"Female","Undergraduate","Netherlands",3.2,"Instagram","No",8.8,8,"Single",2,4,"Medium",-0.800000000000001,"Content-Sharing","Moderate",12.8,1,0,2
564,22,"Male","Graduate","New Zealand",4.1,"Instagram","Yes",8.1,7,"In Relationship",3,6,"Medium",-0.0999999999999996,"Content-Sharing","High",9.1,2,1,3
565,19,"Female","Undergraduate","Singapore",5.7,"TikTok","Yes",6.4,6,"Single",3,7,"High",1.6,"Video-Based","High",5.4,1,1,2
566,21,"Male","Graduate","Malaysia",6.1,"WhatsApp","Yes",6.2,6,"Single",3,7,"High",1.8,"Messaging","High",5.2,1,1,3
567,20,"Female","Undergraduate","UAE",7.1,"Instagram","Yes",5.9,5,"In Relationship",4,8,"High",2.1,"Content-Sharing","High",2.9,2,1,2
568,22,"Male","Graduate","Poland",3.6,"Facebook","No",8.5,7,"Single",2,5,"Medium",-0.5,"Content-Sharing","Moderate",10.5,1,0,3
569,19,"Female","Undergraduate","India",7.4,"WhatsApp","Yes",5.4,5,"In Relationship",4,8,"High",2.6,"Messaging","High",2.4,2,1,2
570,21,"Male","Graduate","Canada",4.2,"Instagram","Yes",8,7,"Single",3,6,"Medium",0,"Content-Sharing","High",9,1,1,3
571,20,"Female","Undergraduate","Spain",6.1,"Instagram","Yes",7.2,5,"Single",4,7,"High",0.8,"Content-Sharing","High",5.2,1,1,2
572,23,"Male","Graduate","Denmark",3.8,"Twitter","No",7.8,8,"In Relationship",2,4,"Medium",0.2,"Microblogging","Moderate",11.8,2,0,3
573,19,"Female","Undergraduate","Ireland",5.5,"TikTok","Yes",6.8,6,"Single",4,8,"High",1.2,"Video-Based","High",4.8,1,1,2
574,22,"Male","Graduate","India",7.2,"Facebook","Yes",5.9,4,"Single",5,9,"High",2.1,"Content-Sharing","High",0.9,1,1,3
575,21,"Female","Undergraduate","Switzerland",4.2,"Instagram","No",7.5,7,"In Relationship",2,5,"Medium",0.5,"Content-Sharing","Moderate",9.5,2,0,2
576,24,"Male","Graduate","Turkey",6.8,"TikTok","Yes",6.2,5,"Single",4,8,"High",1.8,"Video-Based","High",3.2,1,1,3
577,20,"Female","Undergraduate","USA",5.9,"Instagram","Yes",6.7,6,"In Relationship",3,7,"High",1.3,"Content-Sharing","High",5.7,2,1,2
578,22,"Male","Graduate","Mexico",6.5,"Facebook","Yes",6.1,5,"Single",4,8,"High",1.9,"Content-Sharing","High",3.1,1,1,3
579,19,"Female","Undergraduate","France",4.7,"Twitter","No",7.4,7,"Single",2,5,"Medium",0.6,"Microblogging","Moderate",9.4,1,0,2
580,23,"Male","Graduate","Canada",5.2,"Instagram","Yes",7,6,"In Relationship",3,6,"High",1,"Content-Sharing","High",7,2,1,3
581,21,"Female","Undergraduate","UK",6.3,"TikTok","Yes",6.4,5,"Single",4,8,"High",1.6,"Video-Based","High",3.4,1,1,2
582,24,"Male","Graduate","Italy",4.9,"Facebook","No",7.3,7,"In Relationship",2,5,"Medium",0.7,"Content-Sharing","Moderate",9.3,2,0,3
583,20,"Female","Undergraduate","Russia",6.7,"Instagram","Yes",6,5,"Single",4,8,"High",2,"Content-Sharing","High",3,1,1,2
584,22,"Male","Graduate","China",5.8,"WeChat","Yes",6.5,6,"In Relationship",3,7,"High",1.5,"Messaging","High",5.5,2,1,3
585,19,"Female","Undergraduate","Japan",4.5,"Twitter","No",7.6,8,"Single",2,4,"Medium",0.4,"Microblogging","Moderate",11.6,1,0,2
586,23,"Male","Graduate","Poland",6.4,"Facebook","Yes",6.3,5,"Single",4,8,"High",1.7,"Content-Sharing","High",3.3,1,1,3
587,21,"Female","Undergraduate","Finland",4.1,"Instagram","No",7.7,7,"In Relationship",2,5,"Medium",0.3,"Content-Sharing","Moderate",9.7,2,0,2
588,24,"Male","Graduate","Spain",6.6,"TikTok","Yes",6.2,5,"Single",4,8,"High",1.8,"Video-Based","High",3.2,1,1,3
589,20,"Female","Undergraduate","Denmark",4.4,"Instagram","No",7.4,7,"In Relationship",2,5,"Medium",0.6,"Content-Sharing","Moderate",9.4,2,0,2
590,22,"Male","Graduate","Ireland",5.7,"Twitter","Yes",6.8,6,"Single",3,7,"High",1.2,"Microblogging","High",5.8,1,1,3
591,19,"Female","Undergraduate","India",7,"Instagram","Yes",5.8,4,"Single",5,9,"High",2.2,"Content-Sharing","High",0.800000000000001,1,1,2
592,23,"Male","Graduate","Switzerland",4.3,"Facebook","No",7.5,7,"In Relationship",2,5,"Medium",0.5,"Content-Sharing","Moderate",9.5,2,0,3
593,21,"Female","Undergraduate","Turkey",6.9,"TikTok","Yes",6.1,5,"Single",4,8,"High",1.9,"Video-Based","High",3.1,1,1,2
594,24,"Male","Graduate","USA",5.6,"Instagram","Yes",6.9,6,"In Relationship",3,7,"High",1.1,"Content-Sharing","High",5.9,2,1,3
595,20,"Female","Undergraduate","Mexico",6.2,"Facebook","Yes",6.3,5,"Single",4,8,"High",1.7,"Content-Sharing","High",3.3,1,1,2
596,21,"Male","Undergraduate","France",5.8,"Instagram","Yes",6.7,6,"Single",3,7,"High",1.3,"Content-Sharing","High",5.7,1,1,2
597,23,"Female","Graduate","Canada",4.9,"TikTok","No",7.3,7,"In Relationship",2,5,"Medium",0.7,"Video-Based","Moderate",9.3,2,0,3
598,20,"Male","Undergraduate","UK",6.4,"Facebook","Yes",6.2,5,"Single",4,8,"High",1.8,"Content-Sharing","High",3.2,1,1,2
599,22,"Female","Graduate","Italy",5.1,"Twitter","No",7.1,7,"In Relationship",2,5,"High",0.9,"Microblogging","Moderate",9.1,2,0,3
600,19,"Male","Undergraduate","Russia",6.7,"Instagram","Yes",6,4,"Single",4,8,"High",2,"Content-Sharing","High",2,1,1,2
601,24,"Female","Graduate","China",5.5,"WeChat","Yes",6.8,6,"In Relationship",3,7,"High",1.2,"Messaging","High",5.8,2,1,3
602,21,"Male","Undergraduate","Japan",4.3,"Twitter","No",7.6,8,"Single",2,4,"Medium",0.4,"Microblogging","Moderate",11.6,1,0,2
603,23,"Female","Graduate","Poland",6.2,"Instagram","Yes",6.4,5,"Single",4,8,"High",1.6,"Content-Sharing","High",3.4,1,1,3
604,20,"Male","Undergraduate","Finland",4.5,"Facebook","No",7.4,7,"In Relationship",2,5,"Medium",0.6,"Content-Sharing","Moderate",9.4,2,0,2
605,22,"Female","Graduate","Spain",6.3,"TikTok","Yes",6.3,5,"Single",4,8,"High",1.7,"Video-Based","High",3.3,1,1,3
606,19,"Male","Undergraduate","Denmark",4.7,"Instagram","No",7.2,7,"In Relationship",2,5,"Medium",0.8,"Content-Sharing","Moderate",9.2,2,0,2
607,24,"Female","Graduate","Ireland",5.9,"Twitter","Yes",6.6,6,"Single",3,7,"High",1.4,"Microblogging","High",5.6,1,1,3
608,21,"Male","Undergraduate","India",7.1,"Facebook","Yes",5.7,4,"Single",5,9,"High",2.3,"Content-Sharing","High",0.699999999999999,1,1,2
609,23,"Female","Graduate","Switzerland",4.4,"Instagram","No",7.4,7,"In Relationship",2,5,"Medium",0.6,"Content-Sharing","Moderate",9.4,2,0,3
610,20,"Male","Undergraduate","Turkey",6.6,"TikTok","Yes",6.2,5,"Single",4,8,"High",1.8,"Video-Based","High",3.2,1,1,2
611,22,"Female","Graduate","USA",5.4,"Instagram","Yes",6.9,6,"In Relationship",3,7,"High",1.1,"Content-Sharing","High",5.9,2,1,3
612,19,"Male","Undergraduate","Mexico",6.5,"Facebook","Yes",6.1,5,"Single",4,8,"High",1.9,"Content-Sharing","High",3.1,1,1,2
613,24,"Female","Graduate","France",4.8,"Twitter","No",7.3,7,"In Relationship",2,5,"Medium",0.7,"Microblogging","Moderate",9.3,2,0,3
614,21,"Male","Undergraduate","Canada",5.7,"Instagram","Yes",6.7,6,"Single",3,7,"High",1.3,"Content-Sharing","High",5.7,1,1,2
615,23,"Female","Graduate","UK",6.1,"TikTok","Yes",6.4,5,"Single",4,8,"High",1.6,"Video-Based","High",3.4,1,1,3
616,20,"Male","Undergraduate","Italy",4.6,"Facebook","No",7.2,7,"In Relationship",2,5,"Medium",0.8,"Content-Sharing","Moderate",9.2,2,0,2
617,22,"Female","Graduate","Russia",6.8,"Instagram","Yes",5.9,4,"Single",5,9,"High",2.1,"Content-Sharing","High",0.9,1,1,3
618,19,"Male","Undergraduate","China",5.6,"WeChat","Yes",6.8,6,"In Relationship",3,7,"High",1.2,"Messaging","High",5.8,2,1,2
619,24,"Female","Graduate","Japan",4.2,"Twitter","No",7.5,8,"Single",2,4,"Medium",0.5,"Microblogging","Moderate",11.5,1,0,3
620,21,"Male","Undergraduate","Poland",6.3,"TikTok","Yes",6.3,5,"Single",4,8,"High",1.7,"Video-Based","High",3.3,1,1,2
621,23,"Female","Graduate","Finland",4.4,"Instagram","No",7.4,7,"In Relationship",2,5,"Medium",0.6,"Content-Sharing","Moderate",9.4,2,0,3
622,20,"Male","Undergraduate","Spain",6.5,"Facebook","Yes",6.2,5,"Single",4,8,"High",1.8,"Content-Sharing","High",3.2,1,1,2
623,22,"Female","Graduate","Denmark",4.6,"Twitter","No",7.3,7,"In Relationship",2,5,"Medium",0.7,"Microblogging","Moderate",9.3,2,0,3
624,19,"Male","Undergraduate","Ireland",5.8,"Instagram","Yes",6.6,6,"Single",3,7,"High",1.4,"Content-Sharing","High",5.6,1,1,2
625,24,"Female","Graduate","India",7,"TikTok","Yes",5.8,4,"Single",5,9,"High",2.2,"Video-Based","High",0.800000000000001,1,1,3
626,21,"Male","Undergraduate","Switzerland",4.5,"Facebook","No",7.3,7,"In Relationship",2,5,"Medium",0.7,"Content-Sharing","Moderate",9.3,2,0,2
627,23,"Female","Graduate","Turkey",6.7,"Instagram","Yes",6.1,5,"Single",4,8,"High",1.9,"Content-Sharing","High",3.1,1,1,3
628,20,"Male","Undergraduate","USA",5.5,"Twitter","Yes",6.8,6,"In Relationship",3,7,"High",1.2,"Microblogging","High",5.8,2,1,2
629,22,"Female","Graduate","Mexico",6.4,"Facebook","Yes",6.2,5,"Single",4,8,"High",1.8,"Content-Sharing","High",3.2,1,1,3
630,19,"Male","Undergraduate","France",4.7,"Instagram","No",7.2,7,"In Relationship",2,5,"Medium",0.8,"Content-Sharing","Moderate",9.2,2,0,2
631,24,"Female","Graduate","Canada",5.6,"TikTok","Yes",6.7,6,"Single",3,7,"High",1.3,"Video-Based","High",5.7,1,1,3
632,21,"Male","Undergraduate","UK",6.2,"Facebook","Yes",6.3,5,"Single",4,8,"High",1.7,"Content-Sharing","High",3.3,1,1,2
633,23,"Female","Graduate","Italy",4.8,"Twitter","No",7.1,7,"In Relationship",2,5,"Medium",0.9,"Microblogging","Moderate",9.1,2,0,3
634,20,"Male","Undergraduate","Russia",6.9,"Instagram","Yes",5.9,4,"Single",5,9,"High",2.1,"Content-Sharing","High",0.9,1,1,2
635,22,"Female","Graduate","China",5.7,"WeChat","Yes",6.7,6,"In Relationship",3,7,"High",1.3,"Messaging","High",5.7,2,1,3
636,19,"Male","Undergraduate","Japan",4.4,"Twitter","No",7.4,8,"Single",2,4,"Medium",0.6,"Microblogging","Moderate",11.4,1,0,2
637,24,"Female","Graduate","Poland",6.1,"TikTok","Yes",6.4,5,"Single",4,8,"High",1.6,"Video-Based","High",3.4,1,1,3
638,21,"Male","Undergraduate","Finland",4.3,"Instagram","No",7.5,7,"In Relationship",2,5,"Medium",0.5,"Content-Sharing","Moderate",9.5,2,0,2
639,23,"Female","Graduate","Spain",6.4,"Facebook","Yes",6.2,5,"Single",4,8,"High",1.8,"Content-Sharing","High",3.2,1,1,3
640,20,"Male","Undergraduate","Denmark",4.5,"Twitter","No",7.3,7,"In Relationship",2,5,"Medium",0.7,"Microblogging","Moderate",9.3,2,0,2
641,22,"Female","Graduate","Ireland",5.9,"Instagram","Yes",6.5,6,"Single",3,7,"High",1.5,"Content-Sharing","High",5.5,1,1,3
642,19,"Male","Undergraduate","India",7.2,"TikTok","Yes",5.7,4,"Single",5,9,"High",2.3,"Video-Based","High",0.699999999999999,1,1,2
643,24,"Female","Graduate","Switzerland",4.6,"Facebook","No",7.2,7,"In Relationship",2,5,"Medium",0.8,"Content-Sharing","Moderate",9.2,2,0,3
644,21,"Male","Undergraduate","Turkey",6.8,"Instagram","Yes",6,5,"Single",4,8,"High",2,"Content-Sharing","High",3,1,1,2
645,23,"Female","Graduate","USA",5.3,"Twitter","Yes",6.8,6,"In Relationship",3,7,"High",1.2,"Microblogging","High",5.8,2,1,3
646,22,"Male","Graduate","Mexico",6.3,"Facebook","Yes",6.2,5,"Single",4,8,"High",1.8,"Content-Sharing","High",3.2,1,1,3
647,20,"Female","Undergraduate","France",4.8,"Instagram","No",7.1,7,"In Relationship",2,5,"Medium",0.9,"Content-Sharing","Moderate",9.1,2,0,2
648,23,"Male","Graduate","Canada",5.7,"TikTok","Yes",6.6,6,"Single",3,7,"High",1.4,"Video-Based","High",5.6,1,1,3
649,21,"Female","Undergraduate","UK",6.2,"Twitter","Yes",6.3,5,"Single",4,8,"High",1.7,"Microblogging","High",3.3,1,1,2
650,24,"Male","Graduate","Italy",4.7,"Facebook","No",7.2,7,"In Relationship",2,5,"Medium",0.8,"Content-Sharing","Moderate",9.2,2,0,3
651,19,"Female","Undergraduate","Russia",6.8,"Instagram","Yes",5.9,4,"Single",5,9,"High",2.1,"Content-Sharing","High",0.9,1,1,2
652,22,"Male","Graduate","China",5.6,"WeChat","Yes",6.7,6,"In Relationship",3,7,"High",1.3,"Messaging","High",5.7,2,1,3
653,20,"Female","Undergraduate","Japan",4.3,"Twitter","No",7.5,8,"Single",2,4,"Medium",0.5,"Microblogging","Moderate",11.5,1,0,2
654,23,"Male","Graduate","Poland",6.2,"TikTok","Yes",6.3,5,"Single",4,8,"High",1.7,"Video-Based","High",3.3,1,1,3
655,21,"Female","Undergraduate","Finland",4.4,"Instagram","No",7.4,7,"In Relationship",2,5,"Medium",0.6,"Content-Sharing","Moderate",9.4,2,0,2
656,24,"Male","Graduate","Spain",6.5,"Facebook","Yes",6.1,5,"Single",4,8,"High",1.9,"Content-Sharing","High",3.1,1,1,3
657,19,"Female","Undergraduate","Denmark",4.6,"Twitter","No",7.3,7,"In Relationship",2,5,"Medium",0.7,"Microblogging","Moderate",9.3,2,0,2
658,22,"Male","Graduate","Ireland",5.8,"Instagram","Yes",6.6,6,"Single",3,7,"High",1.4,"Content-Sharing","High",5.6,1,1,3
659,20,"Female","Undergraduate","India",7.1,"TikTok","Yes",5.8,4,"Single",5,9,"High",2.2,"Video-Based","High",0.800000000000001,1,1,2
660,23,"Male","Graduate","Switzerland",4.5,"Facebook","No",7.3,7,"In Relationship",2,5,"Medium",0.7,"Content-Sharing","Moderate",9.3,2,0,3
661,21,"Female","Undergraduate","Turkey",6.7,"Instagram","Yes",6,5,"Single",4,8,"High",2,"Content-Sharing","High",3,1,1,2
662,24,"Male","Graduate","USA",5.4,"Twitter","Yes",6.8,6,"In Relationship",3,7,"High",1.2,"Microblogging","High",5.8,2,1,3
663,19,"Female","Undergraduate","Mexico",6.4,"TikTok","Yes",6.2,5,"Single",4,8,"High",1.8,"Video-Based","High",3.2,1,1,2
664,22,"Male","Graduate","France",4.7,"Facebook","No",7.2,7,"In Relationship",2,5,"Medium",0.8,"Content-Sharing","Moderate",9.2,2,0,3
665,20,"Female","Undergraduate","Canada",5.6,"Instagram","Yes",6.7,6,"Single",3,7,"High",1.3,"Content-Sharing","High",5.7,1,1,2
666,23,"Male","Graduate","UK",6.3,"Twitter","Yes",6.2,5,"Single",4,8,"High",1.8,"Microblogging","High",3.2,1,1,3
667,21,"Female","Undergraduate","Italy",4.8,"TikTok","No",7.1,7,"In Relationship",2,5,"Medium",0.9,"Video-Based","Moderate",9.1,2,0,2
668,24,"Male","Graduate","Russia",6.9,"Instagram","Yes",5.9,4,"Single",5,9,"High",2.1,"Content-Sharing","High",0.9,1,1,3
669,19,"Female","Undergraduate","China",5.7,"WeChat","Yes",6.7,6,"In Relationship",3,7,"High",1.3,"Messaging","High",5.7,2,1,2
670,22,"Male","Graduate","Japan",4.4,"Twitter","No",7.4,8,"Single",2,4,"Medium",0.6,"Microblogging","Moderate",11.4,1,0,3
671,20,"Female","Undergraduate","Poland",6.1,"Facebook","Yes",6.4,5,"Single",4,8,"High",1.6,"Content-Sharing","High",3.4,1,1,2
672,23,"Male","Graduate","Finland",4.3,"Instagram","No",7.5,7,"In Relationship",2,5,"Medium",0.5,"Content-Sharing","Moderate",9.5,2,0,3
673,21,"Female","Undergraduate","Spain",6.4,"TikTok","Yes",6.2,5,"Single",4,8,"High",1.8,"Video-Based","High",3.2,1,1,2
674,24,"Male","Graduate","Denmark",4.5,"Twitter","No",7.3,7,"In Relationship",2,5,"Medium",0.7,"Microblogging","Moderate",9.3,2,0,3
675,19,"Female","Undergraduate","Ireland",5.9,"Instagram","Yes",6.5,6,"Single",3,7,"High",1.5,"Content-Sharing","High",5.5,1,1,2
676,22,"Male","Graduate","India",7.2,"Facebook","Yes",5.7,4,"Single",5,9,"High",2.3,"Content-Sharing","High",0.699999999999999,1,1,3
677,20,"Female","Undergraduate","Switzerland",4.6,"TikTok","No",7.2,7,"In Relationship",2,5,"Medium",0.8,"Video-Based","Moderate",9.2,2,0,2
678,23,"Male","Graduate","Turkey",6.8,"Instagram","Yes",6,5,"Single",4,8,"High",2,"Content-Sharing","High",3,1,1,3
679,21,"Female","Undergraduate","USA",5.3,"Twitter","Yes",6.8,6,"In Relationship",3,7,"High",1.2,"Microblogging","High",5.8,2,1,2
680,24,"Male","Graduate","Mexico",6.2,"Facebook","Yes",6.3,5,"Single",4,8,"High",1.7,"Content-Sharing","High",3.3,1,1,3
681,19,"Female","Undergraduate","France",4.7,"Instagram","No",7.2,7,"In Relationship",2,5,"Medium",0.8,"Content-Sharing","Moderate",9.2,2,0,2
682,22,"Male","Graduate","Canada",5.8,"TikTok","Yes",6.6,6,"Single",3,7,"High",1.4,"Video-Based","High",5.6,1,1,3
683,20,"Female","Undergraduate","UK",6.1,"Twitter","Yes",6.4,5,"Single",4,8,"High",1.6,"Microblogging","High",3.4,1,1,2
684,23,"Male","Graduate","Italy",4.8,"Facebook","No",7.1,7,"In Relationship",2,5,"Medium",0.9,"Content-Sharing","Moderate",9.1,2,0,3
685,21,"Female","Undergraduate","Russia",6.7,"Instagram","Yes",6,4,"Single",5,9,"High",2,"Content-Sharing","High",1,1,1,2
686,24,"Male","Graduate","China",5.5,"WeChat","Yes",6.8,6,"In Relationship",3,7,"High",1.2,"Messaging","High",5.8,2,1,3
687,19,"Female","Undergraduate","Japan",4.2,"Twitter","No",7.5,8,"Single",2,4,"Medium",0.5,"Microblogging","Moderate",11.5,1,0,2
688,22,"Male","Graduate","Poland",6.3,"TikTok","Yes",6.2,5,"Single",4,8,"High",1.8,"Video-Based","High",3.2,1,1,3
689,20,"Female","Undergraduate","Finland",4.4,"Instagram","No",7.4,7,"In Relationship",2,5,"Medium",0.6,"Content-Sharing","Moderate",9.4,2,0,2
690,23,"Male","Graduate","Spain",6.5,"Facebook","Yes",6.1,5,"Single",4,8,"High",1.9,"Content-Sharing","High",3.1,1,1,3
691,21,"Female","Undergraduate","Denmark",4.6,"Twitter","No",7.3,7,"In Relationship",2,5,"Medium",0.7,"Microblogging","Moderate",9.3,2,0,2
692,24,"Male","Graduate","Ireland",5.9,"Instagram","Yes",6.5,6,"Single",3,7,"High",1.5,"Content-Sharing","High",5.5,1,1,3
693,19,"Female","Undergraduate","India",7,"TikTok","Yes",5.8,4,"Single",5,9,"High",2.2,"Video-Based","High",0.800000000000001,1,1,2
694,22,"Male","Graduate","Switzerland",4.5,"Facebook","No",7.3,7,"In Relationship",2,5,"Medium",0.7,"Content-Sharing","Moderate",9.3,2,0,3
695,20,"Female","Undergraduate","Turkey",6.6,"Instagram","Yes",6.1,5,"Single",4,8,"High",1.9,"Content-Sharing","High",3.1,1,1,2
696,23,"Male","Graduate","USA",5.5,"Twitter","Yes",6.7,6,"In Relationship",3,7,"High",1.3,"Microblogging","High",5.7,2,1,3
697,21,"Female","Undergraduate","Mexico",6.3,"TikTok","Yes",6.2,5,"Single",4,8,"High",1.8,"Video-Based","High",3.2,1,1,2
698,24,"Male","Graduate","France",4.8,"Facebook","No",7.1,7,"In Relationship",2,5,"Medium",0.9,"Content-Sharing","Moderate",9.1,2,0,3
699,19,"Female","Undergraduate","Canada",5.7,"Instagram","Yes",6.6,6,"Single",3,7,"High",1.4,"Content-Sharing","High",5.6,1,1,2
700,22,"Male","Graduate","UK",6.2,"Twitter","Yes",6.3,5,"Single",4,8,"High",1.7,"Microblogging","High",3.3,1,1,3
701,20,"Female","Undergraduate","Italy",4.7,"TikTok","No",7.2,7,"In Relationship",2,5,"Medium",0.8,"Video-Based","Moderate",9.2,2,0,2
702,23,"Male","Graduate","Russia",6.8,"Instagram","Yes",5.9,4,"Single",5,9,"High",2.1,"Content-Sharing","High",0.9,1,1,3
703,21,"Female","Undergraduate","China",5.6,"WeChat","Yes",6.7,6,"In Relationship",3,7,"High",1.3,"Messaging","High",5.7,2,1,2
704,24,"Male","Graduate","Japan",4.3,"Twitter","No",7.5,8,"Single",2,4,"Medium",0.5,"Microblogging","Moderate",11.5,1,0,3
705,19,"Female","Undergraduate","Poland",6.2,"Facebook","Yes",6.3,5,"Single",4,8,"High",1.7,"Content-Sharing","High",3.3,1,1,2
